object_id,source_row,cluster,profile_label,G1,G2,absences,studytime,failures,G3_post_hoc,attendance_based_support_need,emerging_performance_support_need,compounded_academic_support_need,maximum,union
POR-0001,0,1,higher_academic_support_need_profile,0,11,4,2,0,11.0,0.0,0.0,0.2295,0.2295,0.2295
POR-0002,1,1,higher_academic_support_need_profile,9,11,2,2,0,11.0,0.0,0.0,0.2295,0.2295,0.2295
POR-0003,2,0,stronger_academic_profile,12,13,6,2,0,12.0,0.3,0.0,0.0,0.3,0.3
POR-0004,3,0,stronger_academic_profile,14,14,0,3,0,14.0,0.0,0.0,0.0,0.0,0.0
POR-0005,4,0,stronger_academic_profile,11,13,0,2,0,13.0,0.0,0.0,0.0,0.0,0.0
POR-0006,5,0,stronger_academic_profile,12,12,6,2,0,13.0,0.3,0.0,0.0,0.3,0.3
POR-0007,6,0,stronger_academic_profile,13,12,0,2,0,13.0,0.0,0.0,0.0,0.0,0.0
POR-0008,7,0,stronger_academic_profile,10,13,2,2,0,13.0,0.0,0.0,0.0,0.0,0.0
POR-0009,8,0,stronger_academic_profile,15,16,0,2,0,17.0,0.0,0.0,0.0,0.0,0.0
POR-0010,9,0,stronger_academic_profile,12,12,0,2,0,13.0,0.0,0.0,0.0,0.0,0.0
POR-0011,10,0,stronger_academic_profile,14,14,2,2,0,14.0,0.0,0.0,0.0,0.0,0.0
POR-0012,11,0,stronger_academic_profile,10,12,0,3,0,13.0,0.0,0.0,0.0,0.0,0.0
POR-0013,12,0,stronger_academic_profile,12,13,0,1,0,12.0,0.0,0.0,0.0,0.0,0.0
POR-0014,13,0,stronger_academic_profile,12,12,0,2,0,13.0,0.0,0.0,0.0,0.0,0.0
POR-0015,14,0,stronger_academic_profile,14,14,0,3,0,15.0,0.0,0.0,0.0,0.0,0.0
POR-0016,15,0,stronger_academic_profile,17,17,6,1,0,17.0,0.3,0.0,0.0,0.3,0.3
POR-0017,16,0,stronger_academic_profile,13,13,10,3,0,14.0,0.6,0.0,0.0,0.6,0.6
POR-0018,17,0,stronger_academic_profile,13,14,2,2,0,14.0,0.0,0.0,0.0,0.0,0.0
POR-0019,18,1,higher_academic_support_need_profile,8,8,2,1,3,7.0,0.0,0.0,0.9,0.9,0.9
POR-0020,19,1,higher_academic_support_need_profile,12,12,6,1,0,12.0,0.3,0.0,0.0,0.3,0.3
POR-0021,20,0,stronger_academic_profile,12,13,0,2,0,14.0,0.0,0.0,0.0,0.0,0.0
POR-0022,21,1,higher_academic_support_need_profile,11,12,0,1,0,12.0,0.0,0.0,0.0,0.0,0.0
POR-0023,22,0,stronger_academic_profile,12,13,0,2,0,14.0,0.0,0.0,0.0,0.0,0.0
POR-0024,23,1,higher_academic_support_need_profile,10,10,2,2,0,10.0,0.0,0.2166666666666667,0.26775,0.26775,0.4264041666666667
POR-0025,24,0,stronger_academic_profile,10,11,2,3,0,10.0,0.0,0.21666666666666667,0.0,0.21666666666666667,0.21666666666666667
POR-0026,25,1,higher_academic_support_need_profile,10,11,6,1,0,12.0,0.2,0.21666666666666667,0.2295,0.2295,0.5171533333333334
POR-0027,26,1,higher_academic_support_need_profile,11,12,8,1,0,12.0,0.4,0.0,0.0,0.4,0.4
POR-0028,27,1,higher_academic_support_need_profile,11,11,0,1,0,11.0,0.0,0.21666666666666667,0.2295,0.2295,0.3964416666666667
POR-0029,28,0,stronger_academic_profile,12,12,2,2,0,13.0,0.0,0.0,0.0,0.0,0.0
POR-0030,29,0,stronger_academic_profile,12,11,4,2,0,12.0,0.15,0.21666666666666667,0.0,0.21666666666666667,0.3341666666666667
POR-0031,30,1,higher_academic_support_need_profile,10,11,0,2,0,11.0,0.0,0.21666666666666667,0.2295,0.2295,0.3964416666666667
POR-0032,31,0,stronger_academic_profile,15,15,2,2,0,15.0,0.0,0.0,0.0,0.0,0.0
POR-0033,32,0,stronger_academic_profile,13,14,0,2,0,15.0,0.0,0.0,0.0,0.0,0.0
POR-0034,33,0,stronger_academic_profile,13,12,0,2,0,12.0,0.0,0.0,0.0,0.0,0.0
POR-0035,34,1,higher_academic_support_need_profile,12,12,4,1,0,12.0,0.15,0.0,0.0,0.15,0.15
POR-0036,35,1,higher_academic_support_need_profile,11,11,4,1,0,11.0,0.15,0.21666666666666667,0.2295,0.2295,0.48697541666666677
POR-0037,36,0,stronger_academic_profile,14,14,0,3,0,14.0,0.0,0.0,0.0,0.0,0.0
POR-0038,37,0,stronger_academic_profile,13,13,4,3,0,13.0,0.15,0.0,0.0,0.15,0.15
POR-0039,38,0,stronger_academic_profile,11,12,2,3,0,12.0,0.0,0.0,0.0,0.0,0.0
POR-0040,39,0,stronger_academic_profile,14,13,8,1,0,12.0,0.44999999999999996,0.0,0.0,0.44999999999999996,0.44999999999999996
POR-0041,40,1,higher_academic_support_need_profile,11,11,16,2,0,10.0,0.4,0.21666666666666667,0.2295,0.4,0.637865
POR-0042,41,1,higher_academic_support_need_profile,10,11,8,1,0,11.0,0.2,0.21666666666666667,0.2295,0.2295,0.5171533333333334
POR-0043,42,0,stronger_academic_profile,14,15,0,2,0,15.0,0.0,0.0,0.0,0.0,0.0
POR-0044,43,1,higher_academic_support_need_profile,9,10,0,1,0,10.0,0.0,0.0,0.459,0.459,0.459
POR-0045,44,1,higher_academic_support_need_profile,10,11,14,2,1,11.0,0.2,0.21666666666666667,0.3,0.3,0.5613333333333334
POR-0046,45,1,higher_academic_support_need_profile,10,11,4,2,0,11.0,0.15,0.21666666666666667,0.2295,0.2295,0.48697541666666677
POR-0047,46,0,stronger_academic_profile,13,12,6,2,0,13.0,0.3,0.0,0.0,0.3,0.3
POR-0048,47,0,stronger_academic_profile,17,17,2,4,0,17.0,0.0,0.0,0.0,0.0,0.0
POR-0049,48,0,stronger_academic_profile,11,12,4,2,0,13.0,0.15,0.0,0.0,0.15,0.15
POR-0050,49,0,stronger_academic_profile,13,12,2,2,0,12.0,0.0,0.0,0.0,0.0,0.0
POR-0051,50,0,stronger_academic_profile,14,13,0,2,0,13.0,0.0,0.0,0.0,0.0,0.0
POR-0052,51,0,stronger_academic_profile,16,14,0,2,0,16.0,0.0,0.0,0.0,0.0,0.0
POR-0053,52,1,higher_academic_support_need_profile,10,9,4,1,0,9.0,0.0,0.2166666666666667,0.459,0.459,0.5762166666666667
POR-0054,53,0,stronger_academic_profile,13,12,0,1,0,12.0,0.0,0.0,0.0,0.0,0.0
POR-0055,54,0,stronger_academic_profile,13,12,0,1,0,13.0,0.0,0.0,0.0,0.0,0.0
POR-0056,55,0,stronger_academic_profile,12,13,2,2,0,12.0,0.0,0.0,0.0,0.0,0.0
POR-0057,56,0,stronger_academic_profile,15,14,0,2,0,15.0,0.0,0.0,0.0,0.0,0.0
POR-0058,57,0,stronger_academic_profile,15,15,8,2,0,16.0,0.44999999999999996,0.0,0.0,0.44999999999999996,0.44999999999999996
POR-0059,58,0,stronger_academic_profile,14,13,0,2,0,14.0,0.0,0.0,0.0,0.0,0.0
POR-0060,59,0,stronger_academic_profile,16,15,2,2,0,16.0,0.0,0.0,0.0,0.0,0.0
POR-0061,60,0,stronger_academic_profile,17,16,0,2,0,16.0,0.0,0.0,0.0,0.0,0.0
POR-0062,61,1,higher_academic_support_need_profile,10,10,0,1,0,16.0,0.0,0.2166666666666667,0.459,0.459,0.5762166666666667
POR-0063,62,0,stronger_academic_profile,13,13,0,2,0,10.0,0.0,0.0,0.0,0.0,0.0
POR-0064,63,0,stronger_academic_profile,14,13,0,3,0,13.0,0.0,0.0,0.0,0.0,0.0
POR-0065,64,0,stronger_academic_profile,13,12,0,2,0,12.0,0.0,0.0,0.0,0.0,0.0
POR-0066,65,0,stronger_academic_profile,16,15,2,2,0,16.0,0.0,0.0,0.0,0.0,0.0
POR-0067,66,0,stronger_academic_profile,11,12,0,4,0,12.0,0.0,0.0,0.0,0.0,0.0
POR-0068,67,0,stronger_academic_profile,10,9,0,4,0,10.0,0.0,0.2166666666666667,0.0,0.2166666666666667,0.2166666666666667
POR-0069,68,1,higher_academic_support_need_profile,11,10,0,2,0,11.0,0.0,0.43333333333333335,0.2295,0.43333333333333335,0.5633833333333333
POR-0070,69,0,stronger_academic_profile,15,15,6,4,0,15.0,0.3,0.0,0.0,0.3,0.3
POR-0071,70,0,stronger_academic_profile,13,11,2,4,0,11.0,0.0,0.21666666666666667,0.0,0.21666666666666667,0.21666666666666667
POR-0072,71,0,stronger_academic_profile,11,9,0,4,0,10.0,0.0,0.4333333333333334,0.0,0.4333333333333334,0.4333333333333334
POR-0073,72,0,stronger_academic_profile,13,11,2,2,0,11.0,0.0,0.21666666666666667,0.0,0.21666666666666667,0.21666666666666667
POR-0074,73,0,stronger_academic_profile,13,13,0,1,0,14.0,0.0,0.0,0.0,0.0,0.0
POR-0075,74,1,higher_academic_support_need_profile,11,11,4,2,0,11.0,0.15,0.21666666666666667,0.2295,0.2295,0.48697541666666677
POR-0076,75,0,stronger_academic_profile,11,11,0,2,0,11.0,0.0,0.21666666666666667,0.2295,0.2295,0.3964416666666667
POR-0077,76,0,stronger_academic_profile,12,11,0,4,0,11.0,0.0,0.21666666666666667,0.0,0.21666666666666667,0.21666666666666667
POR-0078,77,0,stronger_academic_profile,13,13,1,4,0,13.0,0.0,0.0,0.0,0.0,0.0
POR-0079,78,1,higher_academic_support_need_profile,9,9,0,1,3,10.0,0.0,0.0,0.9,0.9,0.9
POR-0080,79,1,higher_academic_support_need_profile,12,11,14,2,0,11.0,0.4,0.21666666666666667,0.0,0.4,0.53
POR-0081,80,1,higher_academic_support_need_profile,11,11,0,1,0,12.0,0.0,0.21666666666666667,0.2295,0.2295,0.3964416666666667
POR-0082,81,1,higher_academic_support_need_profile,10,9,2,3,0,9.0,0.0,0.2166666666666667,0.0,0.2166666666666667,0.2166666666666667
POR-0083,82,0,stronger_academic_profile,12,11,4,2,0,11.0,0.15,0.21666666666666667,0.0,0.21666666666666667,0.3341666666666667
POR-0084,83,0,stronger_academic_profile,13,12,2,2,0,13.0,0.0,0.0,0.0,0.0,0.0
POR-0085,84,0,stronger_academic_profile,13,12,2,2,0,12.0,0.0,0.0,0.0,0.0,0.0
POR-0086,85,0,stronger_academic_profile,12,11,4,2,0,12.0,0.15,0.21666666666666667,0.0,0.21666666666666667,0.3341666666666667
POR-0087,86,0,stronger_academic_profile,13,11,6,2,0,11.0,0.3,0.21666666666666667,0.0,0.3,0.4516666666666666
POR-0088,87,0,stronger_academic_profile,15,15,4,3,0,15.0,0.15,0.0,0.0,0.15,0.15
POR-0089,88,1,higher_academic_support_need_profile,12,10,6,2,0,11.0,0.2,0.43333333333333335,0.0,0.43333333333333335,0.5466666666666666
POR-0090,89,1,higher_academic_support_need_profile,9,9,6,2,0,10.0,0.0,0.0,0.26775,0.26775,0.26775
POR-0091,90,0,stronger_academic_profile,9,11,2,3,0,11.0,0.0,0.0,0.0,0.0,0.0
POR-0092,91,0,stronger_academic_profile,14,13,6,1,0,13.0,0.3,0.0,0.0,0.3,0.3
POR-0093,92,0,stronger_academic_profile,12,13,0,2,0,12.0,0.0,0.0,0.0,0.0,0.0
POR-0094,93,0,stronger_academic_profile,13,14,2,2,0,14.0,0.0,0.0,0.0,0.0,0.0
POR-0095,94,0,stronger_academic_profile,11,12,2,4,0,12.0,0.0,0.0,0.0,0.0,0.0
POR-0096,95,0,stronger_academic_profile,13,13,4,4,0,13.0,0.15,0.0,0.0,0.15,0.15
POR-0097,96,1,higher_academic_support_need_profile,9,11,6,1,0,11.0,0.0,0.0,0.2295,0.2295,0.2295
POR-0098,97,0,stronger_academic_profile,13,12,0,2,0,12.0,0.0,0.0,0.0,0.0,0.0
POR-0099,98,0,stronger_academic_profile,12,13,4,1,0,13.0,0.15,0.0,0.0,0.15,0.15
POR-0100,99,0,stronger_academic_profile,12,13,2,3,0,13.0,0.0,0.0,0.0,0.0,0.0
POR-0101,100,1,higher_academic_support_need_profile,9,9,12,1,0,8.0,0.0,0.0,0.5355,0.5355,0.5355
POR-0102,101,0,stronger_academic_profile,16,16,0,3,0,16.0,0.0,0.0,0.0,0.0,0.0
POR-0103,102,0,stronger_academic_profile,12,13,2,1,0,12.0,0.0,0.0,0.0,0.0,0.0
POR-0104,103,1,higher_academic_support_need_profile,11,10,16,2,0,10.0,0.2,0.43333333333333335,0.2295,0.43333333333333335,0.6507066666666667
POR-0105,104,0,stronger_academic_profile,16,16,0,2,0,16.0,0.0,0.0,0.0,0.0,0.0
POR-0106,105,0,stronger_academic_profile,10,10,10,4,0,10.0,0.2,0.2166666666666667,0.459,0.459,0.6609733333333333
POR-0107,106,0,stronger_academic_profile,10,10,4,4,0,10.0,0.15,0.2166666666666667,0.133875,0.2166666666666667,0.42330510416666667
POR-0108,107,0,stronger_academic_profile,13,14,4,3,0,14.0,0.15,0.0,0.0,0.15,0.15
POR-0109,108,0,stronger_academic_profile,12,10,8,4,0,11.0,0.2,0.43333333333333335,0.0,0.43333333333333335,0.5466666666666666
POR-0110,109,0,stronger_academic_profile,15,15,2,3,0,14.0,0.0,0.0,0.0,0.0,0.0
POR-0111,110,0,stronger_academic_profile,13,14,4,1,0,14.0,0.15,0.0,0.0,0.15,0.15
POR-0112,111,0,stronger_academic_profile,11,11,4,3,0,11.0,0.15,0.21666666666666667,0.133875,0.21666666666666667,0.42330510416666667
POR-0113,112,1,higher_academic_support_need_profile,8,10,12,2,1,10.0,0.0,0.0,0.459,0.459,0.459
POR-0114,113,0,stronger_academic_profile,18,17,10,1,0,18.0,0.6,0.0,0.0,0.6,0.6
POR-0115,114,1,higher_academic_support_need_profile,10,9,4,2,0,10.0,0.0,0.2166666666666667,0.26775,0.26775,0.4264041666666667
POR-0116,115,0,stronger_academic_profile,16,14,6,2,0,14.0,0.3,0.0,0.0,0.3,0.3
POR-0117,116,0,stronger_academic_profile,16,15,4,2,0,16.0,0.15,0.0,0.0,0.15,0.15
POR-0118,117,0,stronger_academic_profile,14,14,6,1,0,15.0,0.3,0.0,0.0,0.3,0.3
POR-0119,118,1,higher_academic_support_need_profile,12,11,14,2,1,11.0,0.4,0.21666666666666667,0.3,0.4,0.671
POR-0120,119,0,stronger_academic_profile,14,13,2,1,0,14.0,0.0,0.0,0.0,0.0,0.0
POR-0121,120,0,stronger_academic_profile,14,14,0,2,0,14.0,0.0,0.0,0.0,0.0,0.0
POR-0122,121,0,stronger_academic_profile,14,13,6,4,0,13.0,0.3,0.0,0.0,0.3,0.3
POR-0123,122,0,stronger_academic_profile,14,12,2,2,0,13.0,0.0,0.0,0.0,0.0,0.0
POR-0124,123,0,stronger_academic_profile,12,13,4,1,0,13.0,0.15,0.0,0.0,0.15,0.15
POR-0125,124,0,stronger_academic_profile,12,11,0,2,0,11.0,0.0,0.21666666666666667,0.0,0.21666666666666667,0.21666666666666667
POR-0126,125,1,higher_academic_support_need_profile,9,9,2,1,0,9.0,0.0,0.0,0.5355,0.5355,0.5355
POR-0127,126,1,higher_academic_support_need_profile,10,11,0,2,0,11.0,0.0,0.21666666666666667,0.2295,0.2295,0.3964416666666667
POR-0128,127,1,higher_academic_support_need_profile,9,10,0,2,2,11.0,0.0,0.0,0.459,0.459,0.459
POR-0129,128,0,stronger_academic_profile,14,14,8,1,0,15.0,0.44999999999999996,0.0,0.0,0.44999999999999996,0.44999999999999996
POR-0130,129,0,stronger_academic_profile,13,12,4,3,0,13.0,0.15,0.0,0.0,0.15,0.15
POR-0131,130,0,stronger_academic_profile,10,11,0,3,0,12.0,0.0,0.21666666666666667,0.0,0.21666666666666667,0.21666666666666667
POR-0132,131,1,higher_academic_support_need_profile,10,9,10,2,3,8.0,0.0,0.2166666666666667,0.459,0.459,0.5762166666666667
POR-0133,132,1,higher_academic_support_need_profile,11,10,8,1,0,11.0,0.2,0.43333333333333335,0.2295,0.43333333333333335,0.6507066666666667
POR-0134,133,1,higher_academic_support_need_profile,11,12,6,1,0,13.0,0.3,0.0,0.0,0.3,0.3
POR-0135,134,0,stronger_academic_profile,13,12,2,1,0,12.0,0.0,0.0,0.0,0.0,0.0
POR-0136,135,0,stronger_academic_profile,15,13,12,1,0,14.0,0.6,0.0,0.0,0.6,0.6
POR-0137,136,1,higher_academic_support_need_profile,9,9,4,1,0,11.0,0.0,0.0,0.5355,0.5355,0.5355
POR-0138,137,1,higher_academic_support_need_profile,13,11,12,1,1,11.0,0.4,0.21666666666666667,0.3,0.4,0.671
POR-0139,138,0,stronger_academic_profile,12,11,2,2,0,11.0,0.0,0.21666666666666667,0.0,0.21666666666666667,0.21666666666666667
POR-0140,139,0,stronger_academic_profile,13,14,4,3,0,15.0,0.15,0.0,0.0,0.15,0.15
POR-0141,140,1,higher_academic_support_need_profile,10,9,2,2,0,10.0,0.0,0.2166666666666667,0.26775,0.26775,0.4264041666666667
POR-0142,141,0,stronger_academic_profile,14,13,0,2,0,13.0,0.0,0.0,0.0,0.0,0.0
POR-0143,142,1,higher_academic_support_need_profile,11,11,2,1,0,12.0,0.0,0.21666666666666667,0.2295,0.2295,0.3964416666666667
POR-0144,143,0,stronger_academic_profile,12,11,10,3,0,11.0,0.4,0.21666666666666667,0.0,0.4,0.53
POR-0145,144,1,higher_academic_support_need_profile,12,11,8,1,0,11.0,0.4,0.21666666666666667,0.0,0.4,0.53
POR-0146,145,1,higher_academic_support_need_profile,9,9,4,1,0,10.0,0.0,0.0,0.5355,0.5355,0.5355
POR-0147,146,1,higher_academic_support_need_profile,10,10,0,2,2,10.0,0.0,0.2166666666666667,0.459,0.459,0.5762166666666667
POR-0148,147,0,stronger_academic_profile,13,14,6,1,0,14.0,0.3,0.0,0.0,0.3,0.3
POR-0149,148,1,higher_academic_support_need_profile,8,9,2,1,1,9.0,0.0,0.0,0.5355,0.5355,0.5355
POR-0150,149,0,stronger_academic_profile,9,11,6,4,0,11.0,0.0,0.0,0.2295,0.2295,0.2295
POR-0151,150,1,higher_academic_support_need_profile,9,8,24,2,0,9.0,0.0,0.0,0.5355,0.5355,0.5355
POR-0152,151,0,stronger_academic_profile,15,13,0,3,0,13.0,0.0,0.0,0.0,0.0,0.0
POR-0153,152,1,higher_academic_support_need_profile,12,11,4,1,0,11.0,0.15,0.21666666666666667,0.0,0.21666666666666667,0.3341666666666667
POR-0154,153,0,stronger_academic_profile,13,13,2,3,0,13.0,0.0,0.0,0.0,0.0,0.0
POR-0155,154,1,higher_academic_support_need_profile,10,11,4,1,0,11.0,0.15,0.21666666666666667,0.2295,0.2295,0.48697541666666677
POR-0156,155,1,higher_academic_support_need_profile,9,7,22,1,0,6.0,0.0,0.0,0.5355,0.5355,0.5355
POR-0157,156,0,stronger_academic_profile,12,12,0,2,0,12.0,0.0,0.0,0.0,0.0,0.0
POR-0158,157,1,higher_academic_support_need_profile,11,10,0,1,0,10.0,0.0,0.43333333333333335,0.2295,0.43333333333333335,0.5633833333333333
POR-0159,158,1,higher_academic_support_need_profile,11,11,2,2,1,11.0,0.0,0.21666666666666667,0.3,0.3,0.4516666666666666
POR-0160,159,0,stronger_academic_profile,13,12,6,2,0,13.0,0.3,0.0,0.0,0.3,0.3
POR-0161,160,1,higher_academic_support_need_profile,11,11,6,2,0,11.0,0.3,0.21666666666666667,0.2295,0.3,0.5775091666666666
POR-0162,161,1,higher_academic_support_need_profile,9,9,16,1,0,8.0,0.0,0.0,0.5355,0.5355,0.5355
POR-0163,162,1,higher_academic_support_need_profile,12,11,0,1,0,11.0,0.0,0.21666666666666667,0.0,0.21666666666666667,0.21666666666666667
POR-0164,163,1,higher_academic_support_need_profile,11,9,0,1,2,0.0,0.0,0.4333333333333334,0.6,0.6,0.7733333333333334
POR-0165,164,1,higher_academic_support_need_profile,9,10,6,1,1,10.0,0.0,0.0,0.459,0.459,0.459
POR-0166,165,0,stronger_academic_profile,13,13,2,3,0,13.0,0.0,0.0,0.0,0.0,0.0
POR-0167,166,1,higher_academic_support_need_profile,11,9,6,1,0,11.0,0.0,0.4333333333333334,0.2295,0.4333333333333334,0.5633833333333333
POR-0168,167,0,stronger_academic_profile,13,13,0,1,0,13.0,0.0,0.0,0.0,0.0,0.0
POR-0169,168,1,higher_academic_support_need_profile,7,8,0,2,0,8.0,0.0,0.0,0.26775,0.26775,0.26775
POR-0170,169,1,higher_academic_support_need_profile,9,8,14,1,3,10.0,0.0,0.0,0.9,0.9,0.9
POR-0171,170,1,higher_academic_support_need_profile,11,10,6,1,3,11.0,0.2,0.43333333333333335,0.9,0.9,0.9546666666666668
POR-0172,171,1,higher_academic_support_need_profile,12,10,4,1,0,11.0,0.15,0.43333333333333335,0.0,0.43333333333333335,0.5183333333333333
POR-0173,172,1,higher_academic_support_need_profile,10,10,0,2,1,1.0,0.0,0.2166666666666667,0.3,0.3,0.4516666666666667
POR-0174,173,1,higher_academic_support_need_profile,9,8,0,1,2,10.0,0.0,0.0,0.6,0.6,0.6
POR-0175,174,1,higher_academic_support_need_profile,8,8,8,1,1,9.0,0.0,0.0,0.5355,0.5355,0.5355
POR-0176,175,1,higher_academic_support_need_profile,7,6,4,2,2,8.0,0.0,0.0,0.51,0.51,0.51
POR-0177,176,1,higher_academic_support_need_profile,8,9,2,1,0,10.0,0.0,0.0,0.5355,0.5355,0.5355
POR-0178,177,1,higher_academic_support_need_profile,9,8,2,1,1,8.0,0.0,0.0,0.5355,0.5355,0.5355
POR-0179,178,1,higher_academic_support_need_profile,8,8,0,2,0,8.0,0.0,0.0,0.26775,0.26775,0.26775
POR-0180,179,1,higher_academic_support_need_profile,8,7,10,1,3,8.0,0.0,0.0,0.9,0.9,0.9
POR-0181,180,1,higher_academic_support_need_profile,9,10,0,2,0,11.0,0.0,0.0,0.26775,0.26775,0.26775
POR-0182,181,0,stronger_academic_profile,17,17,0,2,0,18.0,0.0,0.0,0.0,0.0,0.0
POR-0183,182,0,stronger_academic_profile,12,12,0,2,0,13.0,0.0,0.0,0.0,0.0,0.0
POR-0184,183,0,stronger_academic_profile,16,16,0,2,0,17.0,0.0,0.0,0.0,0.0,0.0
POR-0185,184,1,higher_academic_support_need_profile,9,9,4,1,1,10.0,0.0,0.0,0.5355,0.5355,0.5355
POR-0186,185,0,stronger_academic_profile,16,17,0,2,0,18.0,0.0,0.0,0.0,0.0,0.0
POR-0187,186,1,higher_academic_support_need_profile,11,9,0,2,0,10.0,0.0,0.4333333333333334,0.2295,0.4333333333333334,0.5633833333333333
POR-0188,187,0,stronger_academic_profile,14,13,0,2,0,13.0,0.0,0.0,0.0,0.0,0.0
POR-0189,188,0,stronger_academic_profile,14,14,0,2,0,15.0,0.0,0.0,0.0,0.0,0.0
POR-0190,189,1,higher_academic_support_need_profile,10,11,0,2,0,11.0,0.0,0.21666666666666667,0.2295,0.2295,0.3964416666666667
POR-0191,190,0,stronger_academic_profile,13,12,0,2,0,14.0,0.0,0.0,0.0,0.0,0.0
POR-0192,191,1,higher_academic_support_need_profile,11,9,4,2,0,10.0,0.0,0.4333333333333334,0.2295,0.4333333333333334,0.5633833333333333
POR-0193,192,1,higher_academic_support_need_profile,10,9,8,1,0,11.0,0.0,0.2166666666666667,0.459,0.459,0.5762166666666667
POR-0194,193,1,higher_academic_support_need_profile,11,11,4,2,0,13.0,0.15,0.21666666666666667,0.2295,0.2295,0.48697541666666677
POR-0195,194,1,higher_academic_support_need_profile,11,10,4,2,0,11.0,0.15,0.43333333333333335,0.2295,0.43333333333333335,0.6288758333333333
POR-0196,195,0,stronger_academic_profile,11,12,0,2,0,13.0,0.0,0.0,0.0,0.0,0.0
POR-0197,196,0,stronger_academic_profile,17,18,0,2,0,17.0,0.0,0.0,0.0,0.0,0.0
POR-0198,197,1,higher_academic_support_need_profile,14,13,32,2,0,14.0,0.6,0.0,0.0,0.6,0.6
POR-0199,198,0,stronger_academic_profile,14,15,8,2,0,16.0,0.44999999999999996,0.0,0.0,0.44999999999999996,0.44999999999999996
POR-0200,199,0,stronger_academic_profile,11,13,6,2,0,14.0,0.3,0.0,0.0,0.3,0.3
POR-0201,200,1,higher_academic_support_need_profile,10,9,0,1,0,11.0,0.0,0.2166666666666667,0.459,0.459,0.5762166666666667
POR-0202,201,0,stronger_academic_profile,13,14,0,2,0,16.0,0.0,0.0,0.0,0.0,0.0
POR-0203,202,0,stronger_academic_profile,12,13,10,2,0,14.0,0.6,0.0,0.0,0.6,0.6
POR-0204,203,1,higher_academic_support_need_profile,9,9,6,2,0,10.0,0.0,0.0,0.26775,0.26775,0.26775
POR-0205,204,0,stronger_academic_profile,12,12,6,2,0,13.0,0.3,0.0,0.0,0.3,0.3
POR-0206,205,0,stronger_academic_profile,12,11,0,2,0,12.0,0.0,0.21666666666666667,0.0,0.21666666666666667,0.21666666666666667
POR-0207,206,1,higher_academic_support_need_profile,10,11,16,2,0,12.0,0.2,0.21666666666666667,0.2295,0.2295,0.5171533333333334
POR-0208,207,1,higher_academic_support_need_profile,11,10,0,1,0,10.0,0.0,0.43333333333333335,0.2295,0.43333333333333335,0.5633833333333333
POR-0209,208,0,stronger_academic_profile,13,12,0,1,0,12.0,0.0,0.0,0.0,0.0,0.0
POR-0210,209,0,stronger_academic_profile,14,15,8,2,0,16.0,0.44999999999999996,0.0,0.0,0.44999999999999996,0.44999999999999996
POR-0211,210,0,stronger_academic_profile,13,13,4,1,0,14.0,0.15,0.0,0.0,0.15,0.15
POR-0212,211,1,higher_academic_support_need_profile,10,11,16,1,0,12.0,0.2,0.21666666666666667,0.2295,0.2295,0.5171533333333334
POR-0213,212,1,higher_academic_support_need_profile,14,15,30,1,1,16.0,0.6,0.0,0.3,0.6,0.72
POR-0214,213,1,higher_academic_support_need_profile,11,10,0,2,0,11.0,0.0,0.43333333333333335,0.2295,0.43333333333333335,0.5633833333333333
POR-0215,214,0,stronger_academic_profile,14,14,2,2,0,15.0,0.0,0.0,0.0,0.0,0.0
POR-0216,215,0,stronger_academic_profile,11,12,4,2,0,12.0,0.15,0.0,0.0,0.15,0.15
POR-0217,216,0,stronger_academic_profile,14,15,0,2,0,15.0,0.0,0.0,0.0,0.0,0.0
POR-0218,217,1,higher_academic_support_need_profile,13,13,21,1,0,13.0,0.6,0.0,0.0,0.6,0.6
POR-0219,218,0,stronger_academic_profile,13,13,6,4,0,13.0,0.3,0.0,0.0,0.3,0.3
POR-0220,219,1,higher_academic_support_need_profile,8,9,14,3,1,8.0,0.0,0.0,0.5355,0.5355,0.5355
POR-0221,220,0,stronger_academic_profile,11,11,2,2,0,12.0,0.0,0.21666666666666667,0.2295,0.2295,0.3964416666666667
POR-0222,221,0,stronger_academic_profile,14,15,4,2,0,15.0,0.15,0.0,0.0,0.15,0.15
POR-0223,222,0,stronger_academic_profile,12,13,2,1,0,13.0,0.0,0.0,0.0,0.0,0.0
POR-0224,223,0,stronger_academic_profile,11,12,0,3,0,12.0,0.0,0.0,0.0,0.0,0.0
POR-0225,224,0,stronger_academic_profile,12,12,4,4,0,12.0,0.15,0.0,0.0,0.15,0.15
POR-0226,225,0,stronger_academic_profile,13,12,15,2,0,12.0,0.6,0.0,0.0,0.6,0.6
POR-0227,226,0,stronger_academic_profile,13,13,0,2,0,13.0,0.0,0.0,0.0,0.0,0.0
POR-0228,227,1,higher_academic_support_need_profile,12,11,10,2,0,11.0,0.4,0.21666666666666667,0.0,0.4,0.53
POR-0229,228,1,higher_academic_support_need_profile,12,11,6,1,0,11.0,0.3,0.21666666666666667,0.0,0.3,0.4516666666666666
POR-0230,229,0,stronger_academic_profile,14,16,2,2,0,15.0,0.0,0.0,0.0,0.0,0.0
POR-0231,230,1,higher_academic_support_need_profile,11,9,16,2,0,10.0,0.0,0.4333333333333334,0.2295,0.4333333333333334,0.5633833333333333
POR-0232,231,1,higher_academic_support_need_profile,10,10,10,2,0,10.0,0.2,0.2166666666666667,0.459,0.459,0.6609733333333333
POR-0233,232,0,stronger_academic_profile,12,13,4,1,0,13.0,0.15,0.0,0.0,0.15,0.15
POR-0234,233,0,stronger_academic_profile,12,12,0,3,0,13.0,0.0,0.0,0.0,0.0,0.0
POR-0235,234,1,higher_academic_support_need_profile,11,10,0,2,0,11.0,0.0,0.43333333333333335,0.2295,0.43333333333333335,0.5633833333333333
POR-0236,235,0,stronger_academic_profile,12,12,12,3,0,12.0,0.6,0.0,0.0,0.6,0.6
POR-0237,236,0,stronger_academic_profile,13,13,0,2,0,14.0,0.0,0.0,0.0,0.0,0.0
POR-0238,237,1,higher_academic_support_need_profile,10,9,9,2,3,10.0,0.0,0.2166666666666667,0.459,0.459,0.5762166666666667
POR-0239,238,0,stronger_academic_profile,15,16,4,3,0,16.0,0.15,0.0,0.0,0.15,0.15
POR-0240,239,1,higher_academic_support_need_profile,8,8,4,2,0,8.0,0.0,0.0,0.26775,0.26775,0.26775
POR-0241,240,0,stronger_academic_profile,17,18,2,2,0,17.0,0.0,0.0,0.0,0.0,0.0
POR-0242,241,1,higher_academic_support_need_profile,10,11,0,2,0,11.0,0.0,0.21666666666666667,0.2295,0.2295,0.3964416666666667
POR-0243,242,1,higher_academic_support_need_profile,9,10,2,2,0,11.0,0.0,0.0,0.26775,0.26775,0.26775
POR-0244,243,0,stronger_academic_profile,15,15,0,3,0,16.0,0.0,0.0,0.0,0.0,0.0
POR-0245,244,0,stronger_academic_profile,14,12,0,2,0,12.0,0.0,0.0,0.0,0.0,0.0
POR-0246,245,0,stronger_academic_profile,12,13,0,2,0,13.0,0.0,0.0,0.0,0.0,0.0
POR-0247,246,0,stronger_academic_profile,13,13,0,2,0,13.0,0.0,0.0,0.0,0.0,0.0
POR-0248,247,0,stronger_academic_profile,13,13,0,2,0,14.0,0.0,0.0,0.0,0.0,0.0
POR-0249,248,1,higher_academic_support_need_profile,9,9,2,2,0,9.0,0.0,0.0,0.26775,0.26775,0.26775
POR-0250,249,0,stronger_academic_profile,12,12,0,3,0,12.0,0.0,0.0,0.0,0.0,0.0
POR-0251,250,0,stronger_academic_profile,16,16,0,2,0,16.0,0.0,0.0,0.0,0.0,0.0
POR-0252,251,1,higher_academic_support_need_profile,9,10,4,1,0,10.0,0.0,0.0,0.459,0.459,0.459
POR-0253,252,0,stronger_academic_profile,14,13,0,2,0,13.0,0.0,0.0,0.0,0.0,0.0
POR-0254,253,1,higher_academic_support_need_profile,10,10,18,2,1,10.0,0.2,0.2166666666666667,0.459,0.459,0.6609733333333333
POR-0255,254,1,higher_academic_support_need_profile,9,8,16,2,1,10.0,0.0,0.0,0.5355,0.5355,0.5355
POR-0256,255,1,higher_academic_support_need_profile,8,7,14,1,1,7.0,0.0,0.0,0.5355,0.5355,0.5355
POR-0257,256,1,higher_academic_support_need_profile,7,8,26,1,1,8.0,0.0,0.0,0.5355,0.5355,0.5355
POR-0258,257,1,higher_academic_support_need_profile,10,8,6,1,0,9.0,0.0,0.2166666666666667,0.459,0.459,0.5762166666666667
POR-0259,258,0,stronger_academic_profile,14,14,4,2,0,15.0,0.15,0.0,0.0,0.15,0.15
POR-0260,259,1,higher_academic_support_need_profile,11,10,10,3,0,10.0,0.2,0.43333333333333335,0.2295,0.43333333333333335,0.6507066666666667
POR-0261,260,1,higher_academic_support_need_profile,12,11,4,1,0,11.0,0.15,0.21666666666666667,0.0,0.21666666666666667,0.3341666666666667
POR-0262,261,0,stronger_academic_profile,13,13,2,2,0,13.0,0.0,0.0,0.0,0.0,0.0
POR-0263,262,1,higher_academic_support_need_profile,9,9,14,1,1,8.0,0.0,0.0,0.5355,0.5355,0.5355
POR-0264,263,1,higher_academic_support_need_profile,8,7,16,2,0,8.0,0.0,0.0,0.5355,0.5355,0.5355
POR-0265,264,1,higher_academic_support_need_profile,11,9,8,1,1,10.0,0.0,0.4333333333333334,0.3,0.4333333333333334,0.6033333333333334
POR-0266,265,0,stronger_academic_profile,15,14,4,3,0,15.0,0.15,0.0,0.0,0.15,0.15
POR-0267,266,0,stronger_academic_profile,15,14,4,2,0,14.0,0.15,0.0,0.0,0.15,0.15
POR-0268,267,0,stronger_academic_profile,15,15,8,2,0,15.0,0.44999999999999996,0.0,0.0,0.44999999999999996,0.44999999999999996
POR-0269,268,0,stronger_academic_profile,12,12,0,2,0,12.0,0.0,0.0,0.0,0.0,0.0
POR-0270,269,0,stronger_academic_profile,14,14,7,1,0,15.0,0.375,0.0,0.0,0.375,0.375
POR-0271,270,0,stronger_academic_profile,14,15,4,1,0,15.0,0.15,0.0,0.0,0.15,0.15
POR-0272,271,0,stronger_academic_profile,11,11,2,2,0,12.0,0.0,0.21666666666666667,0.2295,0.2295,0.3964416666666667
POR-0273,272,0,stronger_academic_profile,13,14,2,3,0,15.0,0.0,0.0,0.0,0.0,0.0
POR-0274,273,0,stronger_academic_profile,11,11,10,3,0,11.0,0.4,0.21666666666666667,0.2295,0.4,0.637865
POR-0275,274,1,higher_academic_support_need_profile,10,9,10,2,0,10.0,0.0,0.2166666666666667,0.459,0.459,0.5762166666666667
POR-0276,275,0,stronger_academic_profile,12,10,10,3,0,11.0,0.2,0.43333333333333335,0.0,0.43333333333333335,0.5466666666666666
POR-0277,276,0,stronger_academic_profile,15,16,7,1,0,16.0,0.375,0.0,0.0,0.375,0.375
POR-0278,277,1,higher_academic_support_need_profile,11,10,4,2,0,11.0,0.15,0.43333333333333335,0.2295,0.43333333333333335,0.6288758333333333
POR-0279,278,1,higher_academic_support_need_profile,9,12,2,1,0,13.0,0.0,0.0,0.0,0.0,0.0
POR-0280,279,1,higher_academic_support_need_profile,7,8,12,1,3,5.0,0.0,0.0,0.9,0.9,0.9
POR-0281,280,1,higher_academic_support_need_profile,10,9,8,2,0,10.0,0.0,0.2166666666666667,0.40162499999999995,0.40162499999999995,0.5312729166666667
POR-0282,281,1,higher_academic_support_need_profile,11,12,0,1,0,11.0,0.0,0.0,0.0,0.0,0.0
POR-0283,282,1,higher_academic_support_need_profile,7,8,8,1,0,7.0,0.0,0.0,0.5355,0.5355,0.5355
POR-0284,283,1,higher_academic_support_need_profile,9,11,4,2,1,10.0,0.0,0.0,0.3,0.3,0.3
POR-0285,284,1,higher_academic_support_need_profile,7,8,4,1,2,6.0,0.0,0.0,0.6,0.6,0.6
POR-0286,285,0,stronger_academic_profile,14,13,2,1,0,12.0,0.0,0.0,0.0,0.0,0.0
POR-0287,286,0,stronger_academic_profile,12,12,0,1,0,13.0,0.0,0.0,0.0,0.0,0.0
POR-0288,287,1,higher_academic_support_need_profile,9,10,0,1,1,10.0,0.0,0.0,0.459,0.459,0.459
POR-0289,288,0,stronger_academic_profile,12,12,2,2,0,13.0,0.0,0.0,0.0,0.0,0.0
POR-0290,289,0,stronger_academic_profile,14,15,2,4,0,17.0,0.0,0.0,0.0,0.0,0.0
POR-0291,290,1,higher_academic_support_need_profile,10,10,0,2,0,11.0,0.0,0.2166666666666667,0.26775,0.26775,0.4264041666666667
POR-0292,291,1,higher_academic_support_need_profile,11,10,4,2,1,11.0,0.15,0.43333333333333335,0.3,0.43333333333333335,0.6628333333333334
POR-0293,292,0,stronger_academic_profile,11,12,2,3,0,14.0,0.0,0.0,0.0,0.0,0.0
POR-0294,293,0,stronger_academic_profile,11,12,4,3,0,14.0,0.15,0.0,0.0,0.15,0.15
POR-0295,294,1,higher_academic_support_need_profile,11,11,4,2,0,13.0,0.15,0.21666666666666667,0.2295,0.2295,0.48697541666666677
POR-0296,295,0,stronger_academic_profile,11,13,4,2,0,14.0,0.15,0.0,0.0,0.15,0.15
POR-0297,296,0,stronger_academic_profile,16,16,2,2,0,16.0,0.0,0.0,0.0,0.0,0.0
POR-0298,297,1,higher_academic_support_need_profile,9,10,0,1,0,10.0,0.0,0.0,0.459,0.459,0.459
POR-0299,298,0,stronger_academic_profile,10,11,2,4,0,12.0,0.0,0.21666666666666667,0.0,0.21666666666666667,0.21666666666666667
POR-0300,299,1,higher_academic_support_need_profile,10,12,8,2,0,12.0,0.2,0.0,0.0,0.2,0.2
POR-0301,300,0,stronger_academic_profile,15,15,2,2,0,15.0,0.0,0.0,0.0,0.0,0.0
POR-0302,301,1,higher_academic_support_need_profile,10,10,2,2,0,11.0,0.0,0.2166666666666667,0.26775,0.26775,0.4264041666666667
POR-0303,302,0,stronger_academic_profile,10,11,2,3,0,12.0,0.0,0.21666666666666667,0.0,0.21666666666666667,0.21666666666666667
POR-0304,303,0,stronger_academic_profile,15,12,2,3,0,13.0,0.0,0.0,0.0,0.0,0.0
POR-0305,304,0,stronger_academic_profile,11,12,0,3,0,13.0,0.0,0.0,0.0,0.0,0.0
POR-0306,305,1,higher_academic_support_need_profile,8,8,8,1,0,9.0,0.0,0.0,0.5355,0.5355,0.5355
POR-0307,306,0,stronger_academic_profile,15,16,6,2,0,16.0,0.3,0.0,0.0,0.3,0.3
POR-0308,307,0,stronger_academic_profile,11,11,0,2,0,14.0,0.0,0.21666666666666667,0.2295,0.2295,0.3964416666666667
POR-0309,308,1,higher_academic_support_need_profile,10,11,8,2,0,12.0,0.2,0.21666666666666667,0.2295,0.2295,0.5171533333333334
POR-0310,309,1,higher_academic_support_need_profile,10,12,4,2,0,14.0,0.15,0.0,0.0,0.15,0.15
POR-0311,310,1,higher_academic_support_need_profile,8,9,12,2,0,10.0,0.0,0.0,0.5355,0.5355,0.5355
POR-0312,311,1,higher_academic_support_need_profile,11,12,16,2,0,12.0,0.4,0.0,0.0,0.4,0.4
POR-0313,312,0,stronger_academic_profile,16,16,10,4,0,16.0,0.6,0.0,0.0,0.6,0.6
POR-0314,313,0,stronger_academic_profile,13,13,2,2,0,13.0,0.0,0.0,0.0,0.0,0.0
POR-0315,314,0,stronger_academic_profile,16,17,2,2,0,18.0,0.0,0.0,0.0,0.0,0.0
POR-0316,315,0,stronger_academic_profile,14,14,8,2,0,15.0,0.44999999999999996,0.0,0.0,0.44999999999999996,0.44999999999999996
POR-0317,316,0,stronger_academic_profile,15,16,6,2,0,16.0,0.3,0.0,0.0,0.3,0.3
POR-0318,317,0,stronger_academic_profile,12,12,6,2,0,12.0,0.3,0.0,0.0,0.3,0.3
POR-0319,318,1,higher_academic_support_need_profile,12,9,15,2,0,10.0,0.0,0.65,0.0,0.65,0.65
POR-0320,319,1,higher_academic_support_need_profile,11,12,6,1,0,12.0,0.3,0.0,0.0,0.3,0.3
POR-0321,320,0,stronger_academic_profile,14,12,2,2,1,13.0,0.0,0.0,0.3,0.3,0.3
POR-0322,321,0,stronger_academic_profile,13,15,8,3,0,15.0,0.44999999999999996,0.0,0.0,0.44999999999999996,0.44999999999999996
POR-0323,322,1,higher_academic_support_need_profile,9,8,0,2,1,10.0,0.0,0.0,0.3,0.3,0.3
POR-0324,323,1,higher_academic_support_need_profile,10,10,0,1,0,10.0,0.0,0.2166666666666667,0.459,0.459,0.5762166666666667
POR-0325,324,1,higher_academic_support_need_profile,10,10,10,1,0,11.0,0.2,0.2166666666666667,0.459,0.459,0.6609733333333333
POR-0326,325,1,higher_academic_support_need_profile,11,11,22,1,0,10.0,0.4,0.21666666666666667,0.2295,0.4,0.637865
POR-0327,326,1,higher_academic_support_need_profile,13,13,18,1,0,13.0,0.6,0.0,0.0,0.6,0.6
POR-0328,327,0,stronger_academic_profile,17,17,2,4,0,18.0,0.0,0.0,0.0,0.0,0.0
POR-0329,328,0,stronger_academic_profile,12,13,0,2,0,13.0,0.0,0.0,0.0,0.0,0.0
POR-0330,329,1,higher_academic_support_need_profile,12,12,12,2,0,14.0,0.6,0.0,0.0,0.6,0.6
POR-0331,330,0,stronger_academic_profile,12,13,10,2,0,14.0,0.6,0.0,0.0,0.6,0.6
POR-0332,331,0,stronger_academic_profile,12,12,0,2,0,12.0,0.0,0.0,0.0,0.0,0.0
POR-0333,332,0,stronger_academic_profile,18,18,0,3,0,18.0,0.0,0.0,0.0,0.0,0.0
POR-0334,333,0,stronger_academic_profile,13,13,0,3,0,14.0,0.0,0.0,0.0,0.0,0.0
POR-0335,334,0,stronger_academic_profile,14,15,0,3,0,15.0,0.0,0.0,0.0,0.0,0.0
POR-0336,335,0,stronger_academic_profile,17,17,0,2,0,17.0,0.0,0.0,0.0,0.0,0.0
POR-0337,336,0,stronger_academic_profile,15,16,2,2,0,16.0,0.0,0.0,0.0,0.0,0.0
POR-0338,337,0,stronger_academic_profile,17,18,0,3,0,18.0,0.0,0.0,0.0,0.0,0.0
POR-0339,338,0,stronger_academic_profile,18,19,0,4,0,19.0,0.0,0.0,0.0,0.0,0.0
POR-0340,339,0,stronger_academic_profile,14,15,0,3,0,15.0,0.0,0.0,0.0,0.0,0.0
POR-0341,340,0,stronger_academic_profile,14,15,0,1,0,15.0,0.0,0.0,0.0,0.0,0.0
POR-0342,341,0,stronger_academic_profile,14,13,2,2,0,13.0,0.0,0.0,0.0,0.0,0.0
POR-0343,342,0,stronger_academic_profile,13,14,0,2,0,14.0,0.0,0.0,0.0,0.0,0.0
POR-0344,343,0,stronger_academic_profile,16,17,0,4,0,17.0,0.0,0.0,0.0,0.0,0.0
POR-0345,344,0,stronger_academic_profile,18,18,0,1,0,17.0,0.0,0.0,0.0,0.0,0.0
POR-0346,345,0,stronger_academic_profile,14,15,0,2,0,15.0,0.0,0.0,0.0,0.0,0.0
POR-0347,346,0,stronger_academic_profile,12,13,0,1,0,13.0,0.0,0.0,0.0,0.0,0.0
POR-0348,347,1,higher_academic_support_need_profile,7,7,0,3,0,8.0,0.0,0.0,0.0,0.0,0.0
POR-0349,348,0,stronger_academic_profile,16,16,0,3,0,16.0,0.0,0.0,0.0,0.0,0.0
POR-0350,349,0,stronger_academic_profile,18,18,0,4,0,18.0,0.0,0.0,0.0,0.0,0.0
POR-0351,350,1,higher_academic_support_need_profile,9,10,0,3,1,11.0,0.0,0.0,0.255,0.255,0.255
POR-0352,351,0,stronger_academic_profile,14,15,0,1,2,15.0,0.0,0.0,0.6,0.6,0.6
POR-0353,352,1,higher_academic_support_need_profile,10,10,0,2,0,11.0,0.0,0.2166666666666667,0.26775,0.26775,0.4264041666666667
POR-0354,353,1,higher_academic_support_need_profile,10,10,2,2,0,11.0,0.0,0.2166666666666667,0.26775,0.26775,0.4264041666666667
POR-0355,354,0,stronger_academic_profile,12,12,2,2,0,15.0,0.0,0.0,0.0,0.0,0.0
POR-0356,355,0,stronger_academic_profile,11,12,2,2,0,14.0,0.0,0.0,0.0,0.0,0.0
POR-0357,356,0,stronger_academic_profile,15,16,2,1,0,17.0,0.0,0.0,0.0,0.0,0.0
POR-0358,357,0,stronger_academic_profile,14,15,2,3,0,17.0,0.0,0.0,0.0,0.0,0.0
POR-0359,358,1,higher_academic_support_need_profile,12,12,8,1,0,15.0,0.44999999999999996,0.0,0.0,0.44999999999999996,0.44999999999999996
POR-0360,359,0,stronger_academic_profile,15,15,2,3,0,17.0,0.0,0.0,0.0,0.0,0.0
POR-0361,360,1,higher_academic_support_need_profile,11,12,8,2,0,14.0,0.4,0.0,0.0,0.4,0.4
POR-0362,361,1,higher_academic_support_need_profile,11,10,9,2,0,10.0,0.2,0.43333333333333335,0.2295,0.43333333333333335,0.6507066666666667
POR-0363,362,0,stronger_academic_profile,12,11,0,2,0,13.0,0.0,0.21666666666666667,0.0,0.21666666666666667,0.21666666666666667
POR-0364,363,1,higher_academic_support_need_profile,11,12,4,1,0,14.0,0.15,0.0,0.0,0.15,0.15
POR-0365,364,0,stronger_academic_profile,14,15,2,1,0,17.0,0.0,0.0,0.0,0.0,0.0
POR-0366,365,0,stronger_academic_profile,15,14,14,2,0,17.0,0.6,0.0,0.0,0.6,0.6
POR-0367,366,0,stronger_academic_profile,12,12,0,2,0,13.0,0.0,0.0,0.0,0.0,0.0
POR-0368,367,0,stronger_academic_profile,11,12,2,2,0,14.0,0.0,0.0,0.0,0.0,0.0
POR-0369,368,1,higher_academic_support_need_profile,8,9,2,1,0,11.0,0.0,0.0,0.5355,0.5355,0.5355
POR-0370,369,1,higher_academic_support_need_profile,10,10,12,3,0,11.0,0.2,0.2166666666666667,0.459,0.459,0.6609733333333333
POR-0371,370,1,higher_academic_support_need_profile,8,8,2,2,2,9.0,0.0,0.0,0.51,0.51,0.51
POR-0372,371,1,higher_academic_support_need_profile,10,10,2,1,0,10.0,0.0,0.2166666666666667,0.459,0.459,0.5762166666666667
POR-0373,372,0,stronger_academic_profile,14,13,4,2,0,13.0,0.15,0.0,0.0,0.15,0.15
POR-0374,373,0,stronger_academic_profile,11,11,0,3,0,10.0,0.0,0.21666666666666667,0.0,0.21666666666666667,0.21666666666666667
POR-0375,374,0,stronger_academic_profile,17,18,0,3,0,17.0,0.0,0.0,0.0,0.0,0.0
POR-0376,375,0,stronger_academic_profile,14,14,0,3,0,15.0,0.0,0.0,0.0,0.0,0.0
POR-0377,376,0,stronger_academic_profile,14,14,0,3,0,14.0,0.0,0.0,0.0,0.0,0.0
POR-0378,377,0,stronger_academic_profile,13,14,0,3,0,13.0,0.0,0.0,0.0,0.0,0.0
POR-0379,378,0,stronger_academic_profile,17,18,0,1,0,17.0,0.0,0.0,0.0,0.0,0.0
POR-0380,379,1,higher_academic_support_need_profile,11,10,2,1,0,10.0,0.0,0.43333333333333335,0.2295,0.43333333333333335,0.5633833333333333
POR-0381,380,0,stronger_academic_profile,13,12,0,3,0,13.0,0.0,0.0,0.0,0.0,0.0
POR-0382,381,0,stronger_academic_profile,15,14,4,3,0,15.0,0.15,0.0,0.0,0.15,0.15
POR-0383,382,1,higher_academic_support_need_profile,11,12,2,1,0,11.0,0.0,0.0,0.0,0.0,0.0
POR-0384,383,0,stronger_academic_profile,11,11,0,4,0,12.0,0.0,0.21666666666666667,0.0,0.21666666666666667,0.21666666666666667
POR-0385,384,1,higher_academic_support_need_profile,11,10,0,1,0,10.0,0.0,0.43333333333333335,0.2295,0.43333333333333335,0.5633833333333333
POR-0386,385,1,higher_academic_support_need_profile,10,9,2,2,0,10.0,0.0,0.2166666666666667,0.26775,0.26775,0.4264041666666667
POR-0387,386,0,stronger_academic_profile,15,15,0,3,0,15.0,0.0,0.0,0.0,0.0,0.0
POR-0388,387,0,stronger_academic_profile,15,14,6,1,0,15.0,0.3,0.0,0.0,0.3,0.3
POR-0389,388,1,higher_academic_support_need_profile,10,11,8,2,0,12.0,0.2,0.21666666666666667,0.2295,0.2295,0.5171533333333334
POR-0390,389,1,higher_academic_support_need_profile,10,9,0,2,0,12.0,0.0,0.2166666666666667,0.26775,0.26775,0.4264041666666667
POR-0391,390,0,stronger_academic_profile,14,13,6,4,0,14.0,0.3,0.0,0.0,0.3,0.3
POR-0392,391,0,stronger_academic_profile,11,13,8,3,0,14.0,0.4,0.0,0.0,0.4,0.4
POR-0393,392,0,stronger_academic_profile,12,13,0,2,0,15.0,0.0,0.0,0.0,0.0,0.0
POR-0394,393,0,stronger_academic_profile,14,14,4,4,0,15.0,0.15,0.0,0.0,0.15,0.15
POR-0395,394,0,stronger_academic_profile,14,14,0,2,0,16.0,0.0,0.0,0.0,0.0,0.0
POR-0396,395,0,stronger_academic_profile,12,12,0,2,0,13.0,0.0,0.0,0.0,0.0,0.0
POR-0397,396,0,stronger_academic_profile,16,16,6,2,0,17.0,0.3,0.0,0.0,0.3,0.3
POR-0398,397,1,higher_academic_support_need_profile,10,12,18,2,0,14.0,0.2,0.0,0.0,0.2,0.2
POR-0399,398,0,stronger_academic_profile,11,12,0,3,0,14.0,0.0,0.0,0.0,0.0,0.0
POR-0400,399,0,stronger_academic_profile,14,16,4,3,0,17.0,0.15,0.0,0.0,0.15,0.15
POR-0401,400,0,stronger_academic_profile,15,14,4,3,0,17.0,0.15,0.0,0.0,0.15,0.15
POR-0402,401,0,stronger_academic_profile,14,13,0,3,0,14.0,0.0,0.0,0.0,0.0,0.0
POR-0403,402,0,stronger_academic_profile,11,12,0,3,0,13.0,0.0,0.0,0.0,0.0,0.0
POR-0404,403,0,stronger_academic_profile,12,15,10,2,0,15.0,0.6,0.0,0.0,0.6,0.6
POR-0405,404,0,stronger_academic_profile,12,16,4,2,0,16.0,0.15,0.0,0.0,0.15,0.15
POR-0406,405,1,higher_academic_support_need_profile,10,11,16,1,1,11.0,0.2,0.21666666666666667,0.3,0.3,0.5613333333333334
POR-0407,406,1,higher_academic_support_need_profile,10,13,6,1,1,13.0,0.2,0.0,0.3,0.3,0.44
POR-0408,407,1,higher_academic_support_need_profile,9,12,0,3,2,12.0,0.0,0.0,0.0,0.0,0.0
POR-0409,408,1,higher_academic_support_need_profile,9,11,11,2,0,12.0,0.0,0.0,0.2295,0.2295,0.2295
POR-0410,409,0,stronger_academic_profile,13,14,9,2,0,15.0,0.525,0.0,0.0,0.525,0.525
POR-0411,410,0,stronger_academic_profile,13,17,0,2,0,17.0,0.0,0.0,0.0,0.0,0.0
POR-0412,411,0,stronger_academic_profile,12,15,2,3,0,15.0,0.0,0.0,0.0,0.0,0.0
POR-0413,412,0,stronger_academic_profile,14,17,0,2,0,17.0,0.0,0.0,0.0,0.0,0.0
POR-0414,413,1,higher_academic_support_need_profile,9,10,21,2,2,10.0,0.0,0.0,0.459,0.459,0.459
POR-0415,414,0,stronger_academic_profile,11,15,8,3,0,15.0,0.4,0.0,0.0,0.4,0.4
POR-0416,415,1,higher_academic_support_need_profile,9,10,5,1,1,11.0,0.0,0.0,0.459,0.459,0.459
POR-0417,416,0,stronger_academic_profile,16,18,10,2,0,18.0,0.6,0.0,0.0,0.6,0.6
POR-0418,417,0,stronger_academic_profile,14,17,5,3,0,17.0,0.22499999999999998,0.0,0.0,0.22499999999999998,0.22499999999999998
POR-0419,418,0,stronger_academic_profile,13,14,13,1,0,14.0,0.6,0.0,0.0,0.6,0.6
POR-0420,419,1,higher_academic_support_need_profile,7,11,10,1,0,11.0,0.0,0.0,0.2295,0.2295,0.2295
POR-0421,420,0,stronger_academic_profile,14,17,10,2,0,17.0,0.6,0.0,0.0,0.6,0.6
POR-0422,421,1,higher_academic_support_need_profile,8,10,5,1,1,10.0,0.0,0.0,0.459,0.459,0.459
POR-0423,422,0,stronger_academic_profile,10,13,4,2,0,13.0,0.15,0.0,0.0,0.15,0.15
POR-0424,423,1,higher_academic_support_need_profile,10,11,11,1,0,11.0,0.2,0.21666666666666667,0.2295,0.2295,0.5171533333333334
POR-0425,424,0,stronger_academic_profile,12,12,0,2,0,12.0,0.0,0.0,0.0,0.0,0.0
POR-0426,425,1,higher_academic_support_need_profile,10,10,6,1,1,10.0,0.2,0.2166666666666667,0.459,0.459,0.6609733333333333
POR-0427,426,1,higher_academic_support_need_profile,10,10,4,1,0,11.0,0.15,0.2166666666666667,0.459,0.459,0.6397841666666668
POR-0428,427,0,stronger_academic_profile,16,17,0,2,0,17.0,0.0,0.0,0.0,0.0,0.0
POR-0429,428,1,higher_academic_support_need_profile,6,8,0,1,0,9.0,0.0,0.0,0.5355,0.5355,0.5355
POR-0430,429,1,higher_academic_support_need_profile,10,11,5,2,0,11.0,0.2,0.21666666666666667,0.2295,0.2295,0.5171533333333334
POR-0431,430,0,stronger_academic_profile,10,11,0,3,0,11.0,0.0,0.21666666666666667,0.0,0.21666666666666667,0.21666666666666667
POR-0432,431,1,higher_academic_support_need_profile,10,10,0,2,1,10.0,0.0,0.2166666666666667,0.3,0.3,0.4516666666666667
POR-0433,432,1,higher_academic_support_need_profile,6,6,0,1,1,7.0,0.0,0.0,0.5355,0.5355,0.5355
POR-0434,433,0,stronger_academic_profile,13,14,0,1,0,14.0,0.0,0.0,0.0,0.0,0.0
POR-0435,434,0,stronger_academic_profile,10,9,4,4,0,11.0,0.0,0.2166666666666667,0.133875,0.2166666666666667,0.3215354166666667
POR-0436,435,1,higher_academic_support_need_profile,10,10,0,2,0,10.0,0.0,0.2166666666666667,0.26775,0.26775,0.4264041666666667
POR-0437,436,1,higher_academic_support_need_profile,6,7,4,1,1,8.0,0.0,0.0,0.5355,0.5355,0.5355
POR-0438,437,1,higher_academic_support_need_profile,12,11,0,1,0,12.0,0.0,0.21666666666666667,0.0,0.21666666666666667,0.21666666666666667
POR-0439,438,1,higher_academic_support_need_profile,10,11,2,1,0,12.0,0.0,0.21666666666666667,0.2295,0.2295,0.3964416666666667
POR-0440,439,0,stronger_academic_profile,14,16,0,1,0,16.0,0.0,0.0,0.0,0.0,0.0
POR-0441,440,1,higher_academic_support_need_profile,7,0,0,2,0,0.0,0.0,0.0,0.26775,0.26775,0.26775
POR-0442,441,1,higher_academic_support_need_profile,8,9,4,2,0,9.0,0.0,0.0,0.26775,0.26775,0.26775
POR-0443,442,0,stronger_academic_profile,12,13,0,2,0,14.0,0.0,0.0,0.0,0.0,0.0
POR-0444,443,1,higher_academic_support_need_profile,7,9,7,2,0,8.0,0.0,0.0,0.3346875,0.3346875,0.3346875
POR-0445,444,1,higher_academic_support_need_profile,9,10,4,2,0,11.0,0.0,0.0,0.26775,0.26775,0.26775
POR-0446,445,1,higher_academic_support_need_profile,7,9,8,2,0,9.0,0.0,0.0,0.40162499999999995,0.40162499999999995,0.40162499999999995
POR-0447,446,0,stronger_academic_profile,11,11,0,2,0,11.0,0.0,0.21666666666666667,0.2295,0.2295,0.3964416666666667
POR-0448,447,1,higher_academic_support_need_profile,8,10,8,1,0,9.0,0.0,0.0,0.459,0.459,0.459
POR-0449,448,0,stronger_academic_profile,16,16,6,3,0,17.0,0.3,0.0,0.0,0.3,0.3
POR-0450,449,1,higher_academic_support_need_profile,11,13,3,1,0,13.0,0.075,0.0,0.0,0.075,0.075
POR-0451,450,0,stronger_academic_profile,15,15,2,2,0,15.0,0.0,0.0,0.0,0.0,0.0
POR-0452,451,1,higher_academic_support_need_profile,10,11,0,2,0,11.0,0.0,0.21666666666666667,0.2295,0.2295,0.3964416666666667
POR-0453,452,1,higher_academic_support_need_profile,9,10,4,2,0,11.0,0.0,0.0,0.26775,0.26775,0.26775
POR-0454,453,1,higher_academic_support_need_profile,10,8,0,3,1,8.0,0.0,0.2166666666666667,0.255,0.255,0.41641666666666666
POR-0455,454,1,higher_academic_support_need_profile,9,8,3,3,1,8.0,0.0,0.0,0.255,0.255,0.255
POR-0456,455,1,higher_academic_support_need_profile,9,10,0,2,0,9.0,0.0,0.0,0.26775,0.26775,0.26775
POR-0457,456,0,stronger_academic_profile,13,14,0,2,0,15.0,0.0,0.0,0.0,0.0,0.0
POR-0458,457,1,higher_academic_support_need_profile,10,11,4,1,0,11.0,0.15,0.21666666666666667,0.2295,0.2295,0.48697541666666677
POR-0459,458,0,stronger_academic_profile,13,10,0,4,0,13.0,0.0,0.43333333333333335,0.0,0.43333333333333335,0.43333333333333335
POR-0460,459,1,higher_academic_support_need_profile,10,9,2,3,0,10.0,0.0,0.2166666666666667,0.0,0.2166666666666667,0.2166666666666667
POR-0461,460,1,higher_academic_support_need_profile,11,10,1,2,0,11.0,0.0,0.43333333333333335,0.2295,0.43333333333333335,0.5633833333333333
POR-0462,461,0,stronger_academic_profile,13,12,0,1,0,14.0,0.0,0.0,0.0,0.0,0.0
POR-0463,462,0,stronger_academic_profile,13,14,0,2,0,14.0,0.0,0.0,0.0,0.0,0.0
POR-0464,463,0,stronger_academic_profile,14,11,2,3,0,12.0,0.0,0.21666666666666667,0.0,0.21666666666666667,0.21666666666666667
POR-0465,464,1,higher_academic_support_need_profile,11,11,6,1,0,11.0,0.3,0.21666666666666667,0.2295,0.3,0.5775091666666666
POR-0466,465,1,higher_academic_support_need_profile,9,8,9,2,1,8.0,0.0,0.0,0.46856249999999994,0.46856249999999994,0.46856249999999994
POR-0467,466,1,higher_academic_support_need_profile,10,9,0,1,0,11.0,0.0,0.2166666666666667,0.459,0.459,0.5762166666666667
POR-0468,467,0,stronger_academic_profile,14,13,1,2,0,14.0,0.0,0.0,0.0,0.0,0.0
POR-0469,468,0,stronger_academic_profile,13,12,1,1,0,13.0,0.0,0.0,0.0,0.0,0.0
POR-0470,469,0,stronger_academic_profile,13,12,0,2,0,13.0,0.0,0.0,0.0,0.0,0.0
POR-0471,470,0,stronger_academic_profile,13,12,4,2,0,12.0,0.15,0.0,0.0,0.15,0.15
POR-0472,471,1,higher_academic_support_need_profile,12,11,2,2,1,12.0,0.0,0.21666666666666667,0.3,0.3,0.4516666666666666
POR-0473,472,0,stronger_academic_profile,14,14,0,1,0,16.0,0.0,0.0,0.0,0.0,0.0
POR-0474,473,1,higher_academic_support_need_profile,10,8,4,1,0,10.0,0.0,0.2166666666666667,0.459,0.459,0.5762166666666667
POR-0475,474,1,higher_academic_support_need_profile,10,11,2,1,0,11.0,0.0,0.21666666666666667,0.2295,0.2295,0.3964416666666667
POR-0476,475,0,stronger_academic_profile,12,13,0,3,0,14.0,0.0,0.0,0.0,0.0,0.0
POR-0477,476,1,higher_academic_support_need_profile,10,8,2,1,0,8.0,0.0,0.2166666666666667,0.459,0.459,0.5762166666666667
POR-0478,477,1,higher_academic_support_need_profile,12,10,11,1,0,11.0,0.2,0.43333333333333335,0.0,0.43333333333333335,0.5466666666666666
POR-0479,478,1,higher_academic_support_need_profile,7,7,0,2,3,8.0,0.0,0.0,0.6885,0.6885,0.6885
POR-0480,479,1,higher_academic_support_need_profile,9,9,4,1,0,10.0,0.0,0.0,0.5355,0.5355,0.5355
POR-0481,480,1,higher_academic_support_need_profile,9,9,0,1,1,10.0,0.0,0.0,0.5355,0.5355,0.5355
POR-0482,481,1,higher_academic_support_need_profile,9,10,2,1,0,11.0,0.0,0.0,0.459,0.459,0.459
POR-0483,482,1,higher_academic_support_need_profile,9,10,0,1,0,9.0,0.0,0.0,0.459,0.459,0.459
POR-0484,483,1,higher_academic_support_need_profile,9,10,1,2,0,11.0,0.0,0.0,0.26775,0.26775,0.26775
POR-0485,484,1,higher_academic_support_need_profile,7,7,6,1,0,8.0,0.0,0.0,0.5355,0.5355,0.5355
POR-0486,485,1,higher_academic_support_need_profile,11,10,0,2,0,11.0,0.0,0.43333333333333335,0.2295,0.43333333333333335,0.5633833333333333
POR-0487,486,1,higher_academic_support_need_profile,9,10,1,1,1,10.0,0.0,0.0,0.459,0.459,0.459
POR-0488,487,1,higher_academic_support_need_profile,7,9,6,3,2,10.0,0.0,0.0,0.51,0.51,0.51
POR-0489,488,1,higher_academic_support_need_profile,7,9,6,3,1,9.0,0.0,0.0,0.26775,0.26775,0.26775
POR-0490,489,1,higher_academic_support_need_profile,8,9,0,1,1,10.0,0.0,0.0,0.5355,0.5355,0.5355
POR-0491,490,1,higher_academic_support_need_profile,9,11,4,1,1,10.0,0.0,0.0,0.3,0.3,0.3
POR-0492,491,1,higher_academic_support_need_profile,7,8,12,2,1,9.0,0.0,0.0,0.5355,0.5355,0.5355
POR-0493,492,1,higher_academic_support_need_profile,8,10,2,2,0,10.0,0.0,0.0,0.26775,0.26775,0.26775
POR-0494,493,1,higher_academic_support_need_profile,9,9,5,1,0,10.0,0.0,0.0,0.5355,0.5355,0.5355
POR-0495,494,1,higher_academic_support_need_profile,8,9,0,2,0,9.0,0.0,0.0,0.26775,0.26775,0.26775
POR-0496,495,0,stronger_academic_profile,14,13,0,1,0,13.0,0.0,0.0,0.0,0.0,0.0
POR-0497,496,0,stronger_academic_profile,14,14,2,1,0,14.0,0.0,0.0,0.0,0.0,0.0
POR-0498,497,0,stronger_academic_profile,10,11,0,4,1,10.0,0.0,0.21666666666666667,0.2295,0.2295,0.3964416666666667
POR-0499,498,0,stronger_academic_profile,14,13,0,2,0,14.0,0.0,0.0,0.0,0.0,0.0
POR-0500,499,0,stronger_academic_profile,17,16,0,1,0,16.0,0.0,0.0,0.0,0.0,0.0
POR-0501,500,1,higher_academic_support_need_profile,6,7,12,1,1,7.0,0.0,0.0,0.5355,0.5355,0.5355
POR-0502,501,0,stronger_academic_profile,14,12,8,1,0,13.0,0.44999999999999996,0.0,0.0,0.44999999999999996,0.44999999999999996
POR-0503,502,1,higher_academic_support_need_profile,10,8,2,4,1,9.0,0.0,0.2166666666666667,0.255,0.255,0.41641666666666666
POR-0504,503,0,stronger_academic_profile,14,14,0,4,0,14.0,0.0,0.0,0.0,0.0,0.0
POR-0505,504,0,stronger_academic_profile,12,13,0,3,0,13.0,0.0,0.0,0.0,0.0,0.0
POR-0506,505,1,higher_academic_support_need_profile,11,11,0,1,0,11.0,0.0,0.21666666666666667,0.2295,0.2295,0.3964416666666667
POR-0507,506,1,higher_academic_support_need_profile,11,9,8,2,1,10.0,0.0,0.4333333333333334,0.3,0.4333333333333334,0.6033333333333334
POR-0508,507,0,stronger_academic_profile,11,11,0,3,0,10.0,0.0,0.21666666666666667,0.0,0.21666666666666667,0.21666666666666667
POR-0509,508,1,higher_academic_support_need_profile,10,9,0,1,1,9.0,0.0,0.2166666666666667,0.459,0.459,0.5762166666666667
POR-0510,509,0,stronger_academic_profile,16,17,0,2,0,18.0,0.0,0.0,0.0,0.0,0.0
POR-0511,510,0,stronger_academic_profile,15,17,0,2,0,17.0,0.0,0.0,0.0,0.0,0.0
POR-0512,511,1,higher_academic_support_need_profile,11,9,1,2,0,10.0,0.0,0.4333333333333334,0.2295,0.4333333333333334,0.5633833333333333
POR-0513,512,1,higher_academic_support_need_profile,7,7,9,2,1,7.0,0.0,0.0,0.46856249999999994,0.46856249999999994,0.46856249999999994
POR-0514,513,1,higher_academic_support_need_profile,8,6,0,1,0,8.0,0.0,0.0,0.5355,0.5355,0.5355
POR-0515,514,1,higher_academic_support_need_profile,7,6,2,1,0,7.0,0.0,0.0,0.5355,0.5355,0.5355
POR-0516,515,1,higher_academic_support_need_profile,9,8,8,2,0,10.0,0.0,0.0,0.40162499999999995,0.40162499999999995,0.40162499999999995
POR-0517,516,0,stronger_academic_profile,14,16,0,2,0,16.0,0.0,0.0,0.0,0.0,0.0
POR-0518,517,0,stronger_academic_profile,14,14,0,1,0,15.0,0.0,0.0,0.0,0.0,0.0
POR-0519,518,1,higher_academic_support_need_profile,8,5,8,2,1,8.0,0.0,0.0,0.40162499999999995,0.40162499999999995,0.40162499999999995
POR-0520,519,1,higher_academic_support_need_profile,8,7,0,2,0,0.0,0.0,0.0,0.26775,0.26775,0.26775
POR-0521,520,1,higher_academic_support_need_profile,6,8,6,2,0,8.0,0.0,0.0,0.26775,0.26775,0.26775
POR-0522,521,1,higher_academic_support_need_profile,8,10,0,2,0,10.0,0.0,0.0,0.26775,0.26775,0.26775
POR-0523,522,1,higher_academic_support_need_profile,8,8,4,2,0,8.0,0.0,0.0,0.26775,0.26775,0.26775
POR-0524,523,1,higher_academic_support_need_profile,5,6,2,4,0,6.0,0.0,0.0,0.0,0.0,0.0
POR-0525,524,1,higher_academic_support_need_profile,7,9,2,2,0,8.0,0.0,0.0,0.26775,0.26775,0.26775
POR-0526,525,0,stronger_academic_profile,15,14,0,3,0,16.0,0.0,0.0,0.0,0.0,0.0
POR-0527,526,0,stronger_academic_profile,13,14,1,1,0,14.0,0.0,0.0,0.0,0.0,0.0
POR-0528,527,1,higher_academic_support_need_profile,10,9,0,3,0,10.0,0.0,0.2166666666666667,0.0,0.2166666666666667,0.2166666666666667
POR-0529,528,1,higher_academic_support_need_profile,9,9,5,1,0,9.0,0.0,0.0,0.5355,0.5355,0.5355
POR-0530,529,1,higher_academic_support_need_profile,11,11,1,1,0,11.0,0.0,0.21666666666666667,0.2295,0.2295,0.3964416666666667
POR-0531,530,1,higher_academic_support_need_profile,7,10,8,1,0,9.0,0.0,0.0,0.459,0.459,0.459
POR-0532,531,1,higher_academic_support_need_profile,10,10,0,2,0,10.0,0.0,0.2166666666666667,0.26775,0.26775,0.4264041666666667
POR-0533,532,1,higher_academic_support_need_profile,9,7,2,2,0,8.0,0.0,0.0,0.26775,0.26775,0.26775
POR-0534,533,0,stronger_academic_profile,14,15,0,2,0,16.0,0.0,0.0,0.0,0.0,0.0
POR-0535,534,1,higher_academic_support_need_profile,11,12,0,1,0,12.0,0.0,0.0,0.0,0.0,0.0
POR-0536,535,1,higher_academic_support_need_profile,9,11,11,2,0,10.0,0.0,0.0,0.2295,0.2295,0.2295
POR-0537,536,0,stronger_academic_profile,13,14,8,4,0,14.0,0.44999999999999996,0.0,0.0,0.44999999999999996,0.44999999999999996
POR-0538,537,1,higher_academic_support_need_profile,12,13,11,1,0,12.0,0.6,0.0,0.0,0.6,0.6
POR-0539,538,0,stronger_academic_profile,11,11,2,3,0,11.0,0.0,0.21666666666666667,0.0,0.21666666666666667,0.21666666666666667
POR-0540,539,1,higher_academic_support_need_profile,9,10,8,2,0,10.0,0.0,0.0,0.40162499999999995,0.40162499999999995,0.40162499999999995
POR-0541,540,1,higher_academic_support_need_profile,9,11,5,1,0,11.0,0.0,0.0,0.2295,0.2295,0.2295
POR-0542,541,1,higher_academic_support_need_profile,11,9,0,2,0,11.0,0.0,0.4333333333333334,0.2295,0.4333333333333334,0.5633833333333333
POR-0543,542,0,stronger_academic_profile,10,11,1,3,0,12.0,0.0,0.21666666666666667,0.0,0.21666666666666667,0.21666666666666667
POR-0544,543,1,higher_academic_support_need_profile,9,9,2,1,3,8.0,0.0,0.0,0.9,0.9,0.9
POR-0545,544,1,higher_academic_support_need_profile,12,11,2,1,0,12.0,0.0,0.21666666666666667,0.0,0.21666666666666667,0.21666666666666667
POR-0546,545,1,higher_academic_support_need_profile,8,9,8,2,1,8.0,0.0,0.0,0.40162499999999995,0.40162499999999995,0.40162499999999995
POR-0547,546,0,stronger_academic_profile,13,15,0,2,0,16.0,0.0,0.0,0.0,0.0,0.0
POR-0548,547,1,higher_academic_support_need_profile,10,11,0,1,0,11.0,0.0,0.21666666666666667,0.2295,0.2295,0.3964416666666667
POR-0549,548,1,higher_academic_support_need_profile,11,10,2,2,0,11.0,0.0,0.43333333333333335,0.2295,0.43333333333333335,0.5633833333333333
POR-0550,549,0,stronger_academic_profile,17,18,0,2,0,18.0,0.0,0.0,0.0,0.0,0.0
POR-0551,550,0,stronger_academic_profile,12,13,0,2,0,13.0,0.0,0.0,0.0,0.0,0.0
POR-0552,551,0,stronger_academic_profile,13,14,0,2,0,13.0,0.0,0.0,0.0,0.0,0.0
POR-0553,552,1,higher_academic_support_need_profile,9,9,2,2,2,10.0,0.0,0.0,0.51,0.51,0.51
POR-0554,553,1,higher_academic_support_need_profile,11,11,4,1,0,12.0,0.15,0.21666666666666667,0.2295,0.2295,0.48697541666666677
POR-0555,554,1,higher_academic_support_need_profile,10,11,3,1,0,10.0,0.075,0.21666666666666667,0.2295,0.2295,0.4417085416666667
POR-0556,555,0,stronger_academic_profile,13,14,5,3,0,13.0,0.22499999999999998,0.0,0.0,0.22499999999999998,0.22499999999999998
POR-0557,556,1,higher_academic_support_need_profile,9,10,4,1,0,11.0,0.0,0.0,0.459,0.459,0.459
POR-0558,557,1,higher_academic_support_need_profile,7,9,2,2,3,10.0,0.0,0.0,0.6885,0.6885,0.6885
POR-0559,558,1,higher_academic_support_need_profile,8,13,0,1,0,10.0,0.0,0.0,0.0,0.0,0.0
POR-0560,559,1,higher_academic_support_need_profile,12,12,0,1,1,13.0,0.0,0.0,0.3,0.3,0.3
POR-0561,560,1,higher_academic_support_need_profile,10,9,0,1,0,10.0,0.0,0.2166666666666667,0.459,0.459,0.5762166666666667
POR-0562,561,1,higher_academic_support_need_profile,10,9,6,2,0,10.0,0.0,0.2166666666666667,0.26775,0.26775,0.4264041666666667
POR-0563,562,0,stronger_academic_profile,11,13,0,2,0,12.0,0.0,0.0,0.0,0.0,0.0
POR-0564,563,1,higher_academic_support_need_profile,7,0,0,1,1,0.0,0.0,0.0,0.5355,0.5355,0.5355
POR-0565,564,1,higher_academic_support_need_profile,11,9,2,1,0,10.0,0.0,0.4333333333333334,0.2295,0.4333333333333334,0.5633833333333333
POR-0566,565,1,higher_academic_support_need_profile,10,10,0,1,0,9.0,0.0,0.2166666666666667,0.459,0.459,0.5762166666666667
POR-0567,566,1,higher_academic_support_need_profile,9,7,2,1,1,9.0,0.0,0.0,0.5355,0.5355,0.5355
POR-0568,567,1,higher_academic_support_need_profile,4,0,0,1,1,0.0,0.0,0.0,0.5355,0.5355,0.5355
POR-0569,568,1,higher_academic_support_need_profile,6,11,4,1,3,9.0,0.0,0.0,0.9,0.9,0.9
POR-0570,569,1,higher_academic_support_need_profile,4,8,9,2,2,8.0,0.0,0.0,0.51,0.51,0.51
POR-0571,570,1,higher_academic_support_need_profile,7,8,6,1,0,8.0,0.0,0.0,0.5355,0.5355,0.5355
POR-0572,571,1,higher_academic_support_need_profile,8,9,4,1,3,9.0,0.0,0.0,0.9,0.9,0.9
POR-0573,572,1,higher_academic_support_need_profile,5,5,8,2,2,7.0,0.0,0.0,0.51,0.51,0.51
POR-0574,573,1,higher_academic_support_need_profile,7,9,9,1,0,10.0,0.0,0.0,0.5355,0.5355,0.5355
POR-0575,574,1,higher_academic_support_need_profile,8,11,12,1,1,10.0,0.0,0.0,0.3,0.3,0.3
POR-0576,575,1,higher_academic_support_need_profile,10,11,8,1,0,10.0,0.2,0.21666666666666667,0.2295,0.2295,0.5171533333333334
POR-0577,576,1,higher_academic_support_need_profile,9,10,8,1,0,11.0,0.0,0.0,0.459,0.459,0.459
POR-0578,577,1,higher_academic_support_need_profile,10,9,8,2,1,11.0,0.0,0.2166666666666667,0.40162499999999995,0.40162499999999995,0.5312729166666667
POR-0579,578,1,higher_academic_support_need_profile,8,9,4,2,1,10.0,0.0,0.0,0.3,0.3,0.3
POR-0580,579,1,higher_academic_support_need_profile,9,10,0,1,0,9.0,0.0,0.0,0.459,0.459,0.459
POR-0581,580,1,higher_academic_support_need_profile,8,9,4,1,1,10.0,0.0,0.0,0.5355,0.5355,0.5355
POR-0582,581,1,higher_academic_support_need_profile,6,8,2,2,2,8.0,0.0,0.0,0.51,0.51,0.51
POR-0583,582,1,higher_academic_support_need_profile,6,8,0,1,0,7.0,0.0,0.0,0.5355,0.5355,0.5355
POR-0584,583,1,higher_academic_support_need_profile,8,6,0,1,1,0.0,0.0,0.0,0.5355,0.5355,0.5355
POR-0585,584,1,higher_academic_support_need_profile,10,11,0,1,0,11.0,0.0,0.21666666666666667,0.2295,0.2295,0.3964416666666667
POR-0586,585,1,higher_academic_support_need_profile,8,7,5,3,0,8.0,0.0,0.0,0.20081249999999998,0.20081249999999998,0.20081249999999998
POR-0587,586,1,higher_academic_support_need_profile,8,8,0,2,0,0.0,0.0,0.0,0.26775,0.26775,0.26775
POR-0588,587,1,higher_academic_support_need_profile,7,6,3,2,1,8.0,0.0,0.0,0.3,0.3,0.3
POR-0589,588,1,higher_academic_support_need_profile,8,10,0,1,0,9.0,0.0,0.0,0.459,0.459,0.459
POR-0590,589,1,higher_academic_support_need_profile,7,10,0,1,0,10.0,0.0,0.0,0.459,0.459,0.459
POR-0591,590,1,higher_academic_support_need_profile,7,8,3,2,2,7.0,0.0,0.0,0.51,0.51,0.51
POR-0592,591,0,stronger_academic_profile,12,13,2,2,0,14.0,0.0,0.0,0.0,0.0,0.0
POR-0593,592,1,higher_academic_support_need_profile,11,12,0,1,0,13.0,0.0,0.0,0.0,0.0,0.0
POR-0594,593,0,stronger_academic_profile,12,13,0,2,0,14.0,0.0,0.0,0.0,0.0,0.0
POR-0595,594,0,stronger_academic_profile,18,18,0,2,0,18.0,0.0,0.0,0.0,0.0,0.0
POR-0596,595,0,stronger_academic_profile,17,17,3,1,0,17.0,0.075,0.0,0.0,0.075,0.075
POR-0597,596,0,stronger_academic_profile,17,18,0,2,0,18.0,0.0,0.0,0.0,0.0,0.0
POR-0598,597,1,higher_academic_support_need_profile,9,0,0,2,1,0.0,0.0,0.0,0.3,0.3,0.3
POR-0599,598,1,higher_academic_support_need_profile,10,11,8,1,0,11.0,0.2,0.21666666666666667,0.2295,0.2295,0.5171533333333334
POR-0600,599,0,stronger_academic_profile,12,13,5,1,0,14.0,0.22499999999999998,0.0,0.0,0.22499999999999998,0.22499999999999998
POR-0601,600,0,stronger_academic_profile,12,13,4,1,0,14.0,0.15,0.0,0.0,0.15,0.15
POR-0602,601,1,higher_academic_support_need_profile,8,8,4,2,0,10.0,0.0,0.0,0.26775,0.26775,0.26775
POR-0603,602,0,stronger_academic_profile,11,12,0,3,0,13.0,0.0,0.0,0.0,0.0,0.0
POR-0604,603,1,higher_academic_support_need_profile,5,0,0,2,0,0.0,0.0,0.0,0.26775,0.26775,0.26775
POR-0605,604,1,higher_academic_support_need_profile,9,10,2,2,1,10.0,0.0,0.0,0.3,0.3,0.3
POR-0606,605,1,higher_academic_support_need_profile,5,0,0,1,1,0.0,0.0,0.0,0.5355,0.5355,0.5355
POR-0607,606,0,stronger_academic_profile,18,18,0,4,0,18.0,0.0,0.0,0.0,0.0,0.0
POR-0608,607,1,higher_academic_support_need_profile,11,11,5,2,0,12.0,0.22499999999999998,0.21666666666666667,0.2295,0.2295,0.5322422916666666
POR-0609,608,1,higher_academic_support_need_profile,8,10,2,2,0,11.0,0.0,0.0,0.26775,0.26775,0.26775
POR-0610,609,0,stronger_academic_profile,11,11,0,2,0,12.0,0.0,0.21666666666666667,0.2295,0.2295,0.3964416666666667
POR-0611,610,1,higher_academic_support_need_profile,8,0,0,2,3,0.0,0.0,0.0,0.6885,0.6885,0.6885
POR-0612,611,0,stronger_academic_profile,14,14,5,3,0,15.0,0.22499999999999998,0.0,0.0,0.22499999999999998,0.22499999999999998
POR-0613,612,1,higher_academic_support_need_profile,10,11,4,2,1,11.0,0.15,0.21666666666666667,0.3,0.3,0.5339166666666667
POR-0614,613,1,higher_academic_support_need_profile,10,10,0,2,0,10.0,0.0,0.2166666666666667,0.26775,0.26775,0.4264041666666667
POR-0615,614,0,stronger_academic_profile,12,12,2,2,0,12.0,0.0,0.0,0.0,0.0,0.0
POR-0616,615,0,stronger_academic_profile,15,14,0,2,0,15.0,0.0,0.0,0.0,0.0,0.0
POR-0617,616,0,stronger_academic_profile,14,13,2,1,0,14.0,0.0,0.0,0.0,0.0,0.0
POR-0618,617,0,stronger_academic_profile,19,17,0,3,0,18.0,0.0,0.0,0.0,0.0,0.0
POR-0619,618,0,stronger_academic_profile,16,15,0,2,0,15.0,0.0,0.0,0.0,0.0,0.0
POR-0620,619,0,stronger_academic_profile,13,12,6,2,0,13.0,0.3,0.0,0.0,0.3,0.3
POR-0621,620,0,stronger_academic_profile,15,14,4,2,0,15.0,0.15,0.0,0.0,0.15,0.15
POR-0622,621,0,stronger_academic_profile,13,13,0,2,0,13.0,0.0,0.0,0.0,0.0,0.0
POR-0623,622,1,higher_academic_support_need_profile,8,10,0,2,0,9.0,0.0,0.0,0.26775,0.26775,0.26775
POR-0624,623,0,stronger_academic_profile,15,16,0,3,0,16.0,0.0,0.0,0.0,0.0,0.0
POR-0625,624,1,higher_academic_support_need_profile,8,8,0,1,1,9.0,0.0,0.0,0.5355,0.5355,0.5355
POR-0626,625,1,higher_academic_support_need_profile,10,10,0,1,0,10.0,0.0,0.2166666666666667,0.459,0.459,0.5762166666666667
POR-0627,626,1,higher_academic_support_need_profile,7,5,0,2,0,0.0,0.0,0.0,0.26775,0.26775,0.26775
POR-0628,627,1,higher_academic_support_need_profile,9,10,3,1,0,10.0,0.0,0.0,0.459,0.459,0.459
POR-0629,628,1,higher_academic_support_need_profile,10,11,8,3,0,12.0,0.2,0.21666666666666667,0.2295,0.2295,0.5171533333333334
POR-0630,629,1,higher_academic_support_need_profile,7,8,4,1,0,9.0,0.0,0.0,0.5355,0.5355,0.5355
POR-0631,630,0,stronger_academic_profile,15,17,0,3,0,17.0,0.0,0.0,0.0,0.0,0.0
POR-0632,631,0,stronger_academic_profile,10,11,4,3,0,12.0,0.15,0.21666666666666667,0.133875,0.21666666666666667,0.42330510416666667
POR-0633,632,1,higher_academic_support_need_profile,7,8,4,2,1,9.0,0.0,0.0,0.3,0.3,0.3
POR-0634,633,0,stronger_academic_profile,13,14,1,2,0,14.0,0.0,0.0,0.0,0.0,0.0
POR-0635,634,0,stronger_academic_profile,16,16,1,2,0,16.0,0.0,0.0,0.0,0.0,0.0
POR-0636,635,1,higher_academic_support_need_profile,8,9,10,2,0,9.0,0.0,0.0,0.5355,0.5355,0.5355
POR-0637,636,0,stronger_academic_profile,17,18,4,2,0,19.0,0.15,0.0,0.0,0.15,0.15
POR-0638,637,1,higher_academic_support_need_profile,7,7,0,1,0,0.0,0.0,0.0,0.5355,0.5355,0.5355
POR-0639,638,0,stronger_academic_profile,14,15,4,2,0,16.0,0.15,0.0,0.0,0.15,0.15
POR-0640,639,1,higher_academic_support_need_profile,5,8,0,1,1,0.0,0.0,0.0,0.5355,0.5355,0.5355
POR-0641,640,1,higher_academic_support_need_profile,7,7,0,1,1,0.0,0.0,0.0,0.5355,0.5355,0.5355
POR-0642,641,0,stronger_academic_profile,14,17,0,3,0,15.0,0.0,0.0,0.0,0.0,0.0
POR-0643,642,1,higher_academic_support_need_profile,6,9,0,2,0,11.0,0.0,0.0,0.26775,0.26775,0.26775
POR-0644,643,1,higher_academic_support_need_profile,7,9,4,1,0,10.0,0.0,0.0,0.5355,0.5355,0.5355
POR-0645,644,1,higher_academic_support_need_profile,10,11,4,3,1,10.0,0.15,0.21666666666666667,0.2295,0.2295,0.48697541666666677
POR-0646,645,0,stronger_academic_profile,15,15,4,2,0,16.0,0.15,0.0,0.0,0.15,0.15
POR-0647,646,0,stronger_academic_profile,11,12,6,2,0,9.0,0.3,0.0,0.0,0.3,0.3
POR-0648,647,1,higher_academic_support_need_profile,10,10,6,1,0,10.0,0.2,0.2166666666666667,0.459,0.459,0.6609733333333333
POR-0649,648,1,higher_academic_support_need_profile,10,11,4,1,0,11.0,0.15,0.21666666666666667,0.2295,0.2295,0.48697541666666677
