source_row,G3,cluster,profile_label
0,11,1,higher_academic_support_need_profile
1,11,1,higher_academic_support_need_profile
2,12,0,stronger_academic_profile
3,14,0,stronger_academic_profile
4,13,0,stronger_academic_profile
5,13,0,stronger_academic_profile
6,13,0,stronger_academic_profile
7,13,0,stronger_academic_profile
8,17,0,stronger_academic_profile
9,13,0,stronger_academic_profile
10,14,0,stronger_academic_profile
11,13,0,stronger_academic_profile
12,12,0,stronger_academic_profile
13,13,0,stronger_academic_profile
14,15,0,stronger_academic_profile
15,17,0,stronger_academic_profile
16,14,0,stronger_academic_profile
17,14,0,stronger_academic_profile
18,7,1,higher_academic_support_need_profile
19,12,1,higher_academic_support_need_profile
20,14,0,stronger_academic_profile
21,12,1,higher_academic_support_need_profile
22,14,0,stronger_academic_profile
23,10,1,higher_academic_support_need_profile
24,10,0,stronger_academic_profile
25,12,1,higher_academic_support_need_profile
26,12,1,higher_academic_support_need_profile
27,11,1,higher_academic_support_need_profile
28,13,0,stronger_academic_profile
29,12,0,stronger_academic_profile
30,11,1,higher_academic_support_need_profile
31,15,0,stronger_academic_profile
32,15,0,stronger_academic_profile
33,12,0,stronger_academic_profile
34,12,1,higher_academic_support_need_profile
35,11,1,higher_academic_support_need_profile
36,14,0,stronger_academic_profile
37,13,0,stronger_academic_profile
38,12,0,stronger_academic_profile
39,12,0,stronger_academic_profile
40,10,1,higher_academic_support_need_profile
41,11,1,higher_academic_support_need_profile
42,15,0,stronger_academic_profile
43,10,1,higher_academic_support_need_profile
44,11,1,higher_academic_support_need_profile
45,11,1,higher_academic_support_need_profile
46,13,0,stronger_academic_profile
47,17,0,stronger_academic_profile
48,13,0,stronger_academic_profile
49,12,0,stronger_academic_profile
50,13,0,stronger_academic_profile
51,16,0,stronger_academic_profile
52,9,1,higher_academic_support_need_profile
53,12,0,stronger_academic_profile
54,13,0,stronger_academic_profile
55,12,0,stronger_academic_profile
56,15,0,stronger_academic_profile
57,16,0,stronger_academic_profile
58,14,0,stronger_academic_profile
59,16,0,stronger_academic_profile
60,16,0,stronger_academic_profile
61,16,1,higher_academic_support_need_profile
62,10,0,stronger_academic_profile
63,13,0,stronger_academic_profile
64,12,0,stronger_academic_profile
65,16,0,stronger_academic_profile
66,12,0,stronger_academic_profile
67,10,0,stronger_academic_profile
68,11,1,higher_academic_support_need_profile
69,15,0,stronger_academic_profile
70,11,0,stronger_academic_profile
71,10,0,stronger_academic_profile
72,11,0,stronger_academic_profile
73,14,0,stronger_academic_profile
74,11,1,higher_academic_support_need_profile
75,11,0,stronger_academic_profile
76,11,0,stronger_academic_profile
77,13,0,stronger_academic_profile
78,10,1,higher_academic_support_need_profile
79,11,1,higher_academic_support_need_profile
80,12,1,higher_academic_support_need_profile
81,9,1,higher_academic_support_need_profile
82,11,0,stronger_academic_profile
83,13,0,stronger_academic_profile
84,12,0,stronger_academic_profile
85,12,0,stronger_academic_profile
86,11,0,stronger_academic_profile
87,15,0,stronger_academic_profile
88,11,1,higher_academic_support_need_profile
89,10,1,higher_academic_support_need_profile
90,11,0,stronger_academic_profile
91,13,0,stronger_academic_profile
92,12,0,stronger_academic_profile
93,14,0,stronger_academic_profile
94,12,0,stronger_academic_profile
95,13,0,stronger_academic_profile
96,11,1,higher_academic_support_need_profile
97,12,0,stronger_academic_profile
98,13,0,stronger_academic_profile
99,13,0,stronger_academic_profile
100,8,1,higher_academic_support_need_profile
101,16,0,stronger_academic_profile
102,12,0,stronger_academic_profile
103,10,1,higher_academic_support_need_profile
104,16,0,stronger_academic_profile
105,10,0,stronger_academic_profile
106,10,0,stronger_academic_profile
107,14,0,stronger_academic_profile
108,11,0,stronger_academic_profile
109,14,0,stronger_academic_profile
110,14,0,stronger_academic_profile
111,11,0,stronger_academic_profile
112,10,1,higher_academic_support_need_profile
113,18,0,stronger_academic_profile
114,10,1,higher_academic_support_need_profile
115,14,0,stronger_academic_profile
116,16,0,stronger_academic_profile
117,15,0,stronger_academic_profile
118,11,1,higher_academic_support_need_profile
119,14,0,stronger_academic_profile
120,14,0,stronger_academic_profile
121,13,0,stronger_academic_profile
122,13,0,stronger_academic_profile
123,13,0,stronger_academic_profile
124,11,0,stronger_academic_profile
125,9,1,higher_academic_support_need_profile
126,11,1,higher_academic_support_need_profile
127,11,1,higher_academic_support_need_profile
128,15,0,stronger_academic_profile
129,13,0,stronger_academic_profile
130,12,0,stronger_academic_profile
131,8,1,higher_academic_support_need_profile
132,11,1,higher_academic_support_need_profile
133,13,1,higher_academic_support_need_profile
134,12,0,stronger_academic_profile
135,14,0,stronger_academic_profile
136,11,1,higher_academic_support_need_profile
137,11,1,higher_academic_support_need_profile
138,11,0,stronger_academic_profile
139,15,0,stronger_academic_profile
140,10,1,higher_academic_support_need_profile
141,13,0,stronger_academic_profile
142,12,1,higher_academic_support_need_profile
143,11,0,stronger_academic_profile
144,11,1,higher_academic_support_need_profile
145,10,1,higher_academic_support_need_profile
146,10,1,higher_academic_support_need_profile
147,14,0,stronger_academic_profile
148,9,1,higher_academic_support_need_profile
149,11,0,stronger_academic_profile
150,9,1,higher_academic_support_need_profile
151,13,0,stronger_academic_profile
152,11,1,higher_academic_support_need_profile
153,13,0,stronger_academic_profile
154,11,1,higher_academic_support_need_profile
155,6,1,higher_academic_support_need_profile
156,12,0,stronger_academic_profile
157,10,1,higher_academic_support_need_profile
158,11,1,higher_academic_support_need_profile
159,13,0,stronger_academic_profile
160,11,1,higher_academic_support_need_profile
161,8,1,higher_academic_support_need_profile
162,11,1,higher_academic_support_need_profile
163,0,1,higher_academic_support_need_profile
164,10,1,higher_academic_support_need_profile
165,13,0,stronger_academic_profile
166,11,1,higher_academic_support_need_profile
167,13,0,stronger_academic_profile
168,8,1,higher_academic_support_need_profile
169,10,1,higher_academic_support_need_profile
170,11,1,higher_academic_support_need_profile
171,11,1,higher_academic_support_need_profile
172,1,1,higher_academic_support_need_profile
173,10,1,higher_academic_support_need_profile
174,9,1,higher_academic_support_need_profile
175,8,1,higher_academic_support_need_profile
176,10,1,higher_academic_support_need_profile
177,8,1,higher_academic_support_need_profile
178,8,1,higher_academic_support_need_profile
179,8,1,higher_academic_support_need_profile
180,11,1,higher_academic_support_need_profile
181,18,0,stronger_academic_profile
182,13,0,stronger_academic_profile
183,17,0,stronger_academic_profile
184,10,1,higher_academic_support_need_profile
185,18,0,stronger_academic_profile
186,10,1,higher_academic_support_need_profile
187,13,0,stronger_academic_profile
188,15,0,stronger_academic_profile
189,11,1,higher_academic_support_need_profile
190,14,0,stronger_academic_profile
191,10,1,higher_academic_support_need_profile
192,11,1,higher_academic_support_need_profile
193,13,1,higher_academic_support_need_profile
194,11,1,higher_academic_support_need_profile
195,13,0,stronger_academic_profile
196,17,0,stronger_academic_profile
197,14,1,higher_academic_support_need_profile
198,16,0,stronger_academic_profile
199,14,0,stronger_academic_profile
200,11,1,higher_academic_support_need_profile
201,16,0,stronger_academic_profile
202,14,0,stronger_academic_profile
203,10,1,higher_academic_support_need_profile
204,13,0,stronger_academic_profile
205,12,0,stronger_academic_profile
206,12,1,higher_academic_support_need_profile
207,10,1,higher_academic_support_need_profile
208,12,0,stronger_academic_profile
209,16,0,stronger_academic_profile
210,14,0,stronger_academic_profile
211,12,1,higher_academic_support_need_profile
212,16,1,higher_academic_support_need_profile
213,11,1,higher_academic_support_need_profile
214,15,0,stronger_academic_profile
215,12,0,stronger_academic_profile
216,15,0,stronger_academic_profile
217,13,1,higher_academic_support_need_profile
218,13,0,stronger_academic_profile
219,8,1,higher_academic_support_need_profile
220,12,0,stronger_academic_profile
221,15,0,stronger_academic_profile
222,13,0,stronger_academic_profile
223,12,0,stronger_academic_profile
224,12,0,stronger_academic_profile
225,12,0,stronger_academic_profile
226,13,0,stronger_academic_profile
227,11,1,higher_academic_support_need_profile
228,11,1,higher_academic_support_need_profile
229,15,0,stronger_academic_profile
230,10,1,higher_academic_support_need_profile
231,10,1,higher_academic_support_need_profile
232,13,0,stronger_academic_profile
233,13,0,stronger_academic_profile
234,11,1,higher_academic_support_need_profile
235,12,0,stronger_academic_profile
236,14,0,stronger_academic_profile
237,10,1,higher_academic_support_need_profile
238,16,0,stronger_academic_profile
239,8,1,higher_academic_support_need_profile
240,17,0,stronger_academic_profile
241,11,1,higher_academic_support_need_profile
242,11,1,higher_academic_support_need_profile
243,16,0,stronger_academic_profile
244,12,0,stronger_academic_profile
245,13,0,stronger_academic_profile
246,13,0,stronger_academic_profile
247,14,0,stronger_academic_profile
248,9,1,higher_academic_support_need_profile
249,12,0,stronger_academic_profile
250,16,0,stronger_academic_profile
251,10,1,higher_academic_support_need_profile
252,13,0,stronger_academic_profile
253,10,1,higher_academic_support_need_profile
254,10,1,higher_academic_support_need_profile
255,7,1,higher_academic_support_need_profile
256,8,1,higher_academic_support_need_profile
257,9,1,higher_academic_support_need_profile
258,15,0,stronger_academic_profile
259,10,1,higher_academic_support_need_profile
260,11,1,higher_academic_support_need_profile
261,13,0,stronger_academic_profile
262,8,1,higher_academic_support_need_profile
263,8,1,higher_academic_support_need_profile
264,10,1,higher_academic_support_need_profile
265,15,0,stronger_academic_profile
266,14,0,stronger_academic_profile
267,15,0,stronger_academic_profile
268,12,0,stronger_academic_profile
269,15,0,stronger_academic_profile
270,15,0,stronger_academic_profile
271,12,0,stronger_academic_profile
272,15,0,stronger_academic_profile
273,11,0,stronger_academic_profile
274,10,1,higher_academic_support_need_profile
275,11,0,stronger_academic_profile
276,16,0,stronger_academic_profile
277,11,1,higher_academic_support_need_profile
278,13,1,higher_academic_support_need_profile
279,5,1,higher_academic_support_need_profile
280,10,1,higher_academic_support_need_profile
281,11,1,higher_academic_support_need_profile
282,7,1,higher_academic_support_need_profile
283,10,1,higher_academic_support_need_profile
284,6,1,higher_academic_support_need_profile
285,12,0,stronger_academic_profile
286,13,0,stronger_academic_profile
287,10,1,higher_academic_support_need_profile
288,13,0,stronger_academic_profile
289,17,0,stronger_academic_profile
290,11,1,higher_academic_support_need_profile
291,11,1,higher_academic_support_need_profile
292,14,0,stronger_academic_profile
293,14,0,stronger_academic_profile
294,13,1,higher_academic_support_need_profile
295,14,0,stronger_academic_profile
296,16,0,stronger_academic_profile
297,10,1,higher_academic_support_need_profile
298,12,0,stronger_academic_profile
299,12,1,higher_academic_support_need_profile
300,15,0,stronger_academic_profile
301,11,1,higher_academic_support_need_profile
302,12,0,stronger_academic_profile
303,13,0,stronger_academic_profile
304,13,0,stronger_academic_profile
305,9,1,higher_academic_support_need_profile
306,16,0,stronger_academic_profile
307,14,0,stronger_academic_profile
308,12,1,higher_academic_support_need_profile
309,14,1,higher_academic_support_need_profile
310,10,1,higher_academic_support_need_profile
311,12,1,higher_academic_support_need_profile
312,16,0,stronger_academic_profile
313,13,0,stronger_academic_profile
314,18,0,stronger_academic_profile
315,15,0,stronger_academic_profile
316,16,0,stronger_academic_profile
317,12,0,stronger_academic_profile
318,10,1,higher_academic_support_need_profile
319,12,1,higher_academic_support_need_profile
320,13,0,stronger_academic_profile
321,15,0,stronger_academic_profile
322,10,1,higher_academic_support_need_profile
323,10,1,higher_academic_support_need_profile
324,11,1,higher_academic_support_need_profile
325,10,1,higher_academic_support_need_profile
326,13,1,higher_academic_support_need_profile
327,18,0,stronger_academic_profile
328,13,0,stronger_academic_profile
329,14,1,higher_academic_support_need_profile
330,14,0,stronger_academic_profile
331,12,0,stronger_academic_profile
332,18,0,stronger_academic_profile
333,14,0,stronger_academic_profile
334,15,0,stronger_academic_profile
335,17,0,stronger_academic_profile
336,16,0,stronger_academic_profile
337,18,0,stronger_academic_profile
338,19,0,stronger_academic_profile
339,15,0,stronger_academic_profile
340,15,0,stronger_academic_profile
341,13,0,stronger_academic_profile
342,14,0,stronger_academic_profile
343,17,0,stronger_academic_profile
344,17,0,stronger_academic_profile
345,15,0,stronger_academic_profile
346,13,0,stronger_academic_profile
347,8,1,higher_academic_support_need_profile
348,16,0,stronger_academic_profile
349,18,0,stronger_academic_profile
350,11,1,higher_academic_support_need_profile
351,15,0,stronger_academic_profile
352,11,1,higher_academic_support_need_profile
353,11,1,higher_academic_support_need_profile
354,15,0,stronger_academic_profile
355,14,0,stronger_academic_profile
356,17,0,stronger_academic_profile
357,17,0,stronger_academic_profile
358,15,1,higher_academic_support_need_profile
359,17,0,stronger_academic_profile
360,14,1,higher_academic_support_need_profile
361,10,1,higher_academic_support_need_profile
362,13,0,stronger_academic_profile
363,14,1,higher_academic_support_need_profile
364,17,0,stronger_academic_profile
365,17,0,stronger_academic_profile
366,13,0,stronger_academic_profile
367,14,0,stronger_academic_profile
368,11,1,higher_academic_support_need_profile
369,11,1,higher_academic_support_need_profile
370,9,1,higher_academic_support_need_profile
371,10,1,higher_academic_support_need_profile
372,13,0,stronger_academic_profile
373,10,0,stronger_academic_profile
374,17,0,stronger_academic_profile
375,15,0,stronger_academic_profile
376,14,0,stronger_academic_profile
377,13,0,stronger_academic_profile
378,17,0,stronger_academic_profile
379,10,1,higher_academic_support_need_profile
380,13,0,stronger_academic_profile
381,15,0,stronger_academic_profile
382,11,1,higher_academic_support_need_profile
383,12,0,stronger_academic_profile
384,10,1,higher_academic_support_need_profile
385,10,1,higher_academic_support_need_profile
386,15,0,stronger_academic_profile
387,15,0,stronger_academic_profile
388,12,1,higher_academic_support_need_profile
389,12,1,higher_academic_support_need_profile
390,14,0,stronger_academic_profile
391,14,0,stronger_academic_profile
392,15,0,stronger_academic_profile
393,15,0,stronger_academic_profile
394,16,0,stronger_academic_profile
395,13,0,stronger_academic_profile
396,17,0,stronger_academic_profile
397,14,1,higher_academic_support_need_profile
398,14,0,stronger_academic_profile
399,17,0,stronger_academic_profile
400,17,0,stronger_academic_profile
401,14,0,stronger_academic_profile
402,13,0,stronger_academic_profile
403,15,0,stronger_academic_profile
404,16,0,stronger_academic_profile
405,11,1,higher_academic_support_need_profile
406,13,1,higher_academic_support_need_profile
407,12,1,higher_academic_support_need_profile
408,12,1,higher_academic_support_need_profile
409,15,0,stronger_academic_profile
410,17,0,stronger_academic_profile
411,15,0,stronger_academic_profile
412,17,0,stronger_academic_profile
413,10,1,higher_academic_support_need_profile
414,15,0,stronger_academic_profile
415,11,1,higher_academic_support_need_profile
416,18,0,stronger_academic_profile
417,17,0,stronger_academic_profile
418,14,0,stronger_academic_profile
419,11,1,higher_academic_support_need_profile
420,17,0,stronger_academic_profile
421,10,1,higher_academic_support_need_profile
422,13,0,stronger_academic_profile
423,11,1,higher_academic_support_need_profile
424,12,0,stronger_academic_profile
425,10,1,higher_academic_support_need_profile
426,11,1,higher_academic_support_need_profile
427,17,0,stronger_academic_profile
428,9,1,higher_academic_support_need_profile
429,11,1,higher_academic_support_need_profile
430,11,0,stronger_academic_profile
431,10,1,higher_academic_support_need_profile
432,7,1,higher_academic_support_need_profile
433,14,0,stronger_academic_profile
434,11,0,stronger_academic_profile
435,10,1,higher_academic_support_need_profile
436,8,1,higher_academic_support_need_profile
437,12,1,higher_academic_support_need_profile
438,12,1,higher_academic_support_need_profile
439,16,0,stronger_academic_profile
440,0,1,higher_academic_support_need_profile
441,9,1,higher_academic_support_need_profile
442,14,0,stronger_academic_profile
443,8,1,higher_academic_support_need_profile
444,11,1,higher_academic_support_need_profile
445,9,1,higher_academic_support_need_profile
446,11,0,stronger_academic_profile
447,9,1,higher_academic_support_need_profile
448,17,0,stronger_academic_profile
449,13,1,higher_academic_support_need_profile
450,15,0,stronger_academic_profile
451,11,1,higher_academic_support_need_profile
452,11,1,higher_academic_support_need_profile
453,8,1,higher_academic_support_need_profile
454,8,1,higher_academic_support_need_profile
455,9,1,higher_academic_support_need_profile
456,15,0,stronger_academic_profile
457,11,1,higher_academic_support_need_profile
458,13,0,stronger_academic_profile
459,10,1,higher_academic_support_need_profile
460,11,1,higher_academic_support_need_profile
461,14,0,stronger_academic_profile
462,14,0,stronger_academic_profile
463,12,0,stronger_academic_profile
464,11,1,higher_academic_support_need_profile
465,8,1,higher_academic_support_need_profile
466,11,1,higher_academic_support_need_profile
467,14,0,stronger_academic_profile
468,13,0,stronger_academic_profile
469,13,0,stronger_academic_profile
470,12,0,stronger_academic_profile
471,12,1,higher_academic_support_need_profile
472,16,0,stronger_academic_profile
473,10,1,higher_academic_support_need_profile
474,11,1,higher_academic_support_need_profile
475,14,0,stronger_academic_profile
476,8,1,higher_academic_support_need_profile
477,11,1,higher_academic_support_need_profile
478,8,1,higher_academic_support_need_profile
479,10,1,higher_academic_support_need_profile
480,10,1,higher_academic_support_need_profile
481,11,1,higher_academic_support_need_profile
482,9,1,higher_academic_support_need_profile
483,11,1,higher_academic_support_need_profile
484,8,1,higher_academic_support_need_profile
485,11,1,higher_academic_support_need_profile
486,10,1,higher_academic_support_need_profile
487,10,1,higher_academic_support_need_profile
488,9,1,higher_academic_support_need_profile
489,10,1,higher_academic_support_need_profile
490,10,1,higher_academic_support_need_profile
491,9,1,higher_academic_support_need_profile
492,10,1,higher_academic_support_need_profile
493,10,1,higher_academic_support_need_profile
494,9,1,higher_academic_support_need_profile
495,13,0,stronger_academic_profile
496,14,0,stronger_academic_profile
497,10,0,stronger_academic_profile
498,14,0,stronger_academic_profile
499,16,0,stronger_academic_profile
500,7,1,higher_academic_support_need_profile
501,13,0,stronger_academic_profile
502,9,1,higher_academic_support_need_profile
503,14,0,stronger_academic_profile
504,13,0,stronger_academic_profile
505,11,1,higher_academic_support_need_profile
506,10,1,higher_academic_support_need_profile
507,10,0,stronger_academic_profile
508,9,1,higher_academic_support_need_profile
509,18,0,stronger_academic_profile
510,17,0,stronger_academic_profile
511,10,1,higher_academic_support_need_profile
512,7,1,higher_academic_support_need_profile
513,8,1,higher_academic_support_need_profile
514,7,1,higher_academic_support_need_profile
515,10,1,higher_academic_support_need_profile
516,16,0,stronger_academic_profile
517,15,0,stronger_academic_profile
518,8,1,higher_academic_support_need_profile
519,0,1,higher_academic_support_need_profile
520,8,1,higher_academic_support_need_profile
521,10,1,higher_academic_support_need_profile
522,8,1,higher_academic_support_need_profile
523,6,1,higher_academic_support_need_profile
524,8,1,higher_academic_support_need_profile
525,16,0,stronger_academic_profile
526,14,0,stronger_academic_profile
527,10,1,higher_academic_support_need_profile
528,9,1,higher_academic_support_need_profile
529,11,1,higher_academic_support_need_profile
530,9,1,higher_academic_support_need_profile
531,10,1,higher_academic_support_need_profile
532,8,1,higher_academic_support_need_profile
533,16,0,stronger_academic_profile
534,12,1,higher_academic_support_need_profile
535,10,1,higher_academic_support_need_profile
536,14,0,stronger_academic_profile
537,12,1,higher_academic_support_need_profile
538,11,0,stronger_academic_profile
539,10,1,higher_academic_support_need_profile
540,11,1,higher_academic_support_need_profile
541,11,1,higher_academic_support_need_profile
542,12,0,stronger_academic_profile
543,8,1,higher_academic_support_need_profile
544,12,1,higher_academic_support_need_profile
545,8,1,higher_academic_support_need_profile
546,16,0,stronger_academic_profile
547,11,1,higher_academic_support_need_profile
548,11,1,higher_academic_support_need_profile
549,18,0,stronger_academic_profile
550,13,0,stronger_academic_profile
551,13,0,stronger_academic_profile
552,10,1,higher_academic_support_need_profile
553,12,1,higher_academic_support_need_profile
554,10,1,higher_academic_support_need_profile
555,13,0,stronger_academic_profile
556,11,1,higher_academic_support_need_profile
557,10,1,higher_academic_support_need_profile
558,10,1,higher_academic_support_need_profile
559,13,1,higher_academic_support_need_profile
560,10,1,higher_academic_support_need_profile
561,10,1,higher_academic_support_need_profile
562,12,0,stronger_academic_profile
563,0,1,higher_academic_support_need_profile
564,10,1,higher_academic_support_need_profile
565,9,1,higher_academic_support_need_profile
566,9,1,higher_academic_support_need_profile
567,0,1,higher_academic_support_need_profile
568,9,1,higher_academic_support_need_profile
569,8,1,higher_academic_support_need_profile
570,8,1,higher_academic_support_need_profile
571,9,1,higher_academic_support_need_profile
572,7,1,higher_academic_support_need_profile
573,10,1,higher_academic_support_need_profile
574,10,1,higher_academic_support_need_profile
575,10,1,higher_academic_support_need_profile
576,11,1,higher_academic_support_need_profile
577,11,1,higher_academic_support_need_profile
578,10,1,higher_academic_support_need_profile
579,9,1,higher_academic_support_need_profile
580,10,1,higher_academic_support_need_profile
581,8,1,higher_academic_support_need_profile
582,7,1,higher_academic_support_need_profile
583,0,1,higher_academic_support_need_profile
584,11,1,higher_academic_support_need_profile
585,8,1,higher_academic_support_need_profile
586,0,1,higher_academic_support_need_profile
587,8,1,higher_academic_support_need_profile
588,9,1,higher_academic_support_need_profile
589,10,1,higher_academic_support_need_profile
590,7,1,higher_academic_support_need_profile
591,14,0,stronger_academic_profile
592,13,1,higher_academic_support_need_profile
593,14,0,stronger_academic_profile
594,18,0,stronger_academic_profile
595,17,0,stronger_academic_profile
596,18,0,stronger_academic_profile
597,0,1,higher_academic_support_need_profile
598,11,1,higher_academic_support_need_profile
599,14,0,stronger_academic_profile
600,14,0,stronger_academic_profile
601,10,1,higher_academic_support_need_profile
602,13,0,stronger_academic_profile
603,0,1,higher_academic_support_need_profile
604,10,1,higher_academic_support_need_profile
605,0,1,higher_academic_support_need_profile
606,18,0,stronger_academic_profile
607,12,1,higher_academic_support_need_profile
608,11,1,higher_academic_support_need_profile
609,12,0,stronger_academic_profile
610,0,1,higher_academic_support_need_profile
611,15,0,stronger_academic_profile
612,11,1,higher_academic_support_need_profile
613,10,1,higher_academic_support_need_profile
614,12,0,stronger_academic_profile
615,15,0,stronger_academic_profile
616,14,0,stronger_academic_profile
617,18,0,stronger_academic_profile
618,15,0,stronger_academic_profile
619,13,0,stronger_academic_profile
620,15,0,stronger_academic_profile
621,13,0,stronger_academic_profile
622,9,1,higher_academic_support_need_profile
623,16,0,stronger_academic_profile
624,9,1,higher_academic_support_need_profile
625,10,1,higher_academic_support_need_profile
626,0,1,higher_academic_support_need_profile
627,10,1,higher_academic_support_need_profile
628,12,1,higher_academic_support_need_profile
629,9,1,higher_academic_support_need_profile
630,17,0,stronger_academic_profile
631,12,0,stronger_academic_profile
632,9,1,higher_academic_support_need_profile
633,14,0,stronger_academic_profile
634,16,0,stronger_academic_profile
635,9,1,higher_academic_support_need_profile
636,19,0,stronger_academic_profile
637,0,1,higher_academic_support_need_profile
638,16,0,stronger_academic_profile
639,0,1,higher_academic_support_need_profile
640,0,1,higher_academic_support_need_profile
641,15,0,stronger_academic_profile
642,11,1,higher_academic_support_need_profile
643,10,1,higher_academic_support_need_profile
644,10,1,higher_academic_support_need_profile
645,16,0,stronger_academic_profile
646,9,0,stronger_academic_profile
647,10,1,higher_academic_support_need_profile
648,11,1,higher_academic_support_need_profile
